company_name,cse_symbol,board,sector,industry_group,company_id_if_available,company_profile_url,status,source_url,source_checked_date,batch_number,total_batches_estimated,continue_from_symbol,symbol_short,company_id,company_name_api,report_count
John Keells Holdings PLC,JKH.N0000,Main Board,Capital Goods,Capital Goods,,https://www.cse.lk/pages/company-profile/company-profile.component.html?symbol=JKH.N0000,active,https://www.cse.lk,2026-05-01,1.0,6.0,KHL.N0000,JKH,508,JOHN KEELLS HOLDINGS PLC,61.0
Commercial Bank of Ceylon PLC,COMB.N0000,Main Board,Banks,Banks,,https://www.cse.lk/pages/company-profile/company-profile.component.html?symbol=COMB.N0000,active,https://www.cse.lk,2026-05-01,,,,COMB,369,COMMERCIAL BANK OF CEYLON PLC,83.0
Hatton National Bank PLC,HNB.N0000,Main Board,Banks,Banks,,https://www.cse.lk/pages/company-profile/company-profile.component.html?symbol=HNB.N0000,active,https://www.cse.lk,2026-05-01,,,,HNB,373,HATTON NATIONAL BANK PLC,71.0
Sampath Bank PLC,SAMP.N0000,Main Board,Banks,Banks,,https://www.cse.lk/pages/company-profile/company-profile.component.html?symbol=SAMP.N0000,active,https://www.cse.lk,2026-05-01,,,,SAMP,431,SAMPATH BANK PLC,74.0
National Development Bank PLC,NDB.N0000,Main Board,Banks,Banks,,https://www.cse.lk/pages/company-profile/company-profile.component.html?symbol=NDB.N0000,active,https://www.cse.lk,2026-05-01,,,,NDB,386,NATIONAL DEVELOPMENT BANK PLC,77.0
DFCC Bank PLC,DFCC.N0000,Main Board,Banks,Banks,,https://www.cse.lk/pages/company-profile/company-profile.component.html?symbol=DFCC.N0000,active,https://www.cse.lk,2026-05-01,,,,DFCC,371,DFCC BANK PLC,89.0
Nations Trust Bank PLC,NTB.N0000,Main Board,Banks,Banks,,https://www.cse.lk/pages/company-profile/company-profile.component.html?symbol=NTB.N0000,active,https://www.cse.lk,2026-05-01,,,,NTB,387,NATIONS TRUST BANK PLC,63.0
Seylan Bank PLC,SEYB.N0000,Main Board,Banks,Banks,,https://www.cse.lk/pages/company-profile/company-profile.component.html?symbol=SEYB.N0000,active,https://www.cse.lk,2026-05-01,,,,SEYB,443,SEYLAN BANK PLC,75.0
Pan Asia Banking Corporation PLC,PABC.N0000,Main Board,Banks,Banks,,https://www.cse.lk/pages/company-profile/company-profile.component.html?symbol=PABC.N0000,active,https://www.cse.lk,2026-05-01,,,,PABC,388,PAN ASIA BANKING CORPORATION PLC,59.0
Amana Bank PLC,ABL.N0000,Second Board,Banks,Banks,,https://www.cse.lk/pages/company-profile/company-profile.component.html?symbol=ABL.N0000,active,https://www.cse.lk,2026-05-01,,,,ABL,1303,AMANA BANK PLC,57.0
Dialog Axiata PLC,DIAL.N0000,Main Board,Telecommunication Services,Telecommunication Services,,https://www.cse.lk/pages/company-profile/company-profile.component.html?symbol=DIAL.N0000,active,https://www.cse.lk,2026-05-01,,,,DIAL,389,DIALOG AXIATA PLC,104.0
Sri Lanka Telecom PLC,SLTL.N0000,Main Board,Telecommunication Services,Telecommunication Services,,https://www.cse.lk/pages/company-profile/company-profile.component.html?symbol=SLTL.N0000,active,https://www.cse.lk,2026-05-01,,,,SLTL,390,SRI LANKA TELECOM PLC,60.0
Lanka IOC PLC,LIOC.N0000,Main Board,Energy,Energy,,https://www.cse.lk/pages/company-profile/company-profile.component.html?symbol=LIOC.N0000,active,https://www.cse.lk,2026-05-01,,,,LIOC,729,LANKA IOC PLC,69.0
Melstacorp PLC,MELS.N0000,Main Board,Food Beverage & Tobacco,Food Beverage & Tobacco,,https://www.cse.lk/pages/company-profile/company-profile.component.html?symbol=MELS.N0000,active,https://www.cse.lk,2026-05-01,,,,MELS,1507,MELSTACORP PLC,54.0
Distilleries Company of Sri Lanka PLC,DIST.N0000,Main Board,Food Beverage & Tobacco,Food Beverage & Tobacco,,https://www.cse.lk/pages/company-profile/company-profile.component.html?symbol=DIST.N0000,active,https://www.cse.lk,2026-05-01,,,,DIST,463,DISTILLERIES COMPANY OF SRI LANKA PLC,57.0
Carson Cumberbatch PLC,CARS.N0000,Main Board,Food Beverage & Tobacco,Food Beverage & Tobacco,,https://www.cse.lk/pages/company-profile/company-profile.component.html?symbol=CARS.N0000,active,https://www.cse.lk,2026-05-01,,,,CARS,502,CARSON CUMBERBATCH PLC,56.0
Bukit Darah PLC,BUKI.N0000,Main Board,Food Beverage & Tobacco,Food Beverage & Tobacco,,https://www.cse.lk/pages/company-profile/company-profile.component.html?symbol=BUKI.N0000,active,https://www.cse.lk,2026-05-01,,,,BUKI,456,BUKIT DARAH PLC,57.0
Ceylon Tobacco Company PLC,CTC.N0000,Main Board,Food Beverage & Tobacco,Food Beverage & Tobacco,,https://www.cse.lk/pages/company-profile/company-profile.component.html?symbol=CTC.N0000,active,https://www.cse.lk,2026-05-01,,,,CTC,460,CEYLON TOBACCO COMPANY PLC,58.0
Lanka Milk Foods (CWE) PLC,LMF.N0000,Main Board,Food Beverage & Tobacco,Food Beverage & Tobacco,,https://www.cse.lk/pages/company-profile/company-profile.component.html?symbol=LMF.N0000,active,https://www.cse.lk,2026-05-01,,,,LMF,486,LANKA MILK FOODS (CWE) PLC,57.0
Ceylon Cold Stores PLC,CCS.N0000,Main Board,Food Beverage & Tobacco,Food Beverage & Tobacco,,https://www.cse.lk/pages/company-profile/company-profile.component.html?symbol=CCS.N0000,active,https://www.cse.lk,2026-05-01,,,,CCS,462,CEYLON COLD STORES PLC,60.0
Keells Food Products PLC,KFP.N0000,Main Board,Food Beverage & Tobacco,Food Beverage & Tobacco,,https://www.cse.lk/pages/company-profile/company-profile.component.html?symbol=KFP.N0000,active,https://www.cse.lk,2026-05-01,,,,KFP,483,KEELLS FOOD PRODUCTS PLC,59.0
Watawala Plantations PLC,WATA.N0000,Main Board,Food Beverage & Tobacco,Food Beverage & Tobacco,,https://www.cse.lk/pages/company-profile/company-profile.component.html?symbol=WATA.N0000,active,https://www.cse.lk,2026-05-01,,,,WATA,728,WATAWALA PLANTATIONS PLC,56.0
Hayleys PLC,HAYL.N0000,Main Board,Capital Goods,Capital Goods,,https://www.cse.lk/pages/company-profile/company-profile.component.html?symbol=HAYL.N0000,active,https://www.cse.lk,2026-05-01,,,,HAYL,505,HAYLEYS PLC,99.0
Aitken Spence PLC,SPEN.N0000,Main Board,Capital Goods,Capital Goods,,https://www.cse.lk/pages/company-profile/company-profile.component.html?symbol=SPEN.N0000,active,https://www.cse.lk,2026-05-01,,,,SPEN,501,AITKEN SPENCE PLC,57.0
Richard Pieris and Company PLC,RICH.N0000,Main Board,Capital Goods,Capital Goods,,https://www.cse.lk/pages/company-profile/company-profile.component.html?symbol=RICH.N0000,active,https://www.cse.lk,2026-05-01,,,,RICH,509,RICHARD PIERIS AND COMPANY PLC,58.0
Softlogic Holdings PLC,SHL.N0000,Main Board,Capital Goods,Capital Goods,,https://www.cse.lk/pages/company-profile/company-profile.component.html?symbol=SHL.N0000,active,https://www.cse.lk,2026-05-01,,,,SHL,1075,SOFTLOGIC HOLDINGS PLC,62.0
Vallibel One PLC,VONE.N0000,Main Board,Capital Goods,Capital Goods,,https://www.cse.lk/pages/company-profile/company-profile.component.html?symbol=VONE.N0000,active,https://www.cse.lk,2026-05-01,,,,VONE,1074,VALLIBEL ONE PLC,60.0
Royal Ceramics Lanka PLC,RCL.N0000,Main Board,Capital Goods,Capital Goods,,https://www.cse.lk/pages/company-profile/company-profile.component.html?symbol=RCL.N0000,active,https://www.cse.lk,2026-05-01,,,,RCL,683,ROYAL CERAMICS LANKA PLC,56.0
Access Engineering PLC,AEL.N0000,Second Board,Capital Goods,Capital Goods,,https://www.cse.lk/pages/company-profile/company-profile.component.html?symbol=AEL.N0000,active,https://www.cse.lk,2026-05-01,,,,AEL,1141,ACCESS ENGINEERING PLC,61.0
Hemas Holdings PLC,HHL.N0000,Main Board,Household & Personal Products,Household & Personal Products,,https://www.cse.lk/pages/company-profile/company-profile.component.html?symbol=HHL.N0000,active,https://www.cse.lk,2026-05-01,,,,HHL,506,HEMAS HOLDINGS PLC,57.0
LOLC Holdings PLC,LOLC.N0000,Main Board,Diversified Financials,Diversified Financials,,https://www.cse.lk/pages/company-profile/company-profile.component.html?symbol=LOLC.N0000,active,https://www.cse.lk,2026-05-01,,,,LOLC,378,LOLC HOLDINGS PLC,63.0
LB Finance PLC,LFIN.N0000,Main Board,Diversified Financials,Diversified Financials,,https://www.cse.lk/pages/company-profile/company-profile.component.html?symbol=LFIN.N0000,active,https://www.cse.lk,2026-05-01,,,,LFIN,379,L B FINANCE PLC,60.0
Central Finance Company PLC,CFIN.N0000,Main Board,Diversified Financials,Diversified Financials,,https://www.cse.lk/pages/company-profile/company-profile.component.html?symbol=CFIN.N0000,active,https://www.cse.lk,2026-05-01,,,,CFIN,366,CENTRAL FINANCE COMPANY PLC,63.0
Commercial Credit and Finance PLC,COCR.N0000,Main Board,Diversified Financials,Diversified Financials,,https://www.cse.lk/pages/company-profile/company-profile.component.html?symbol=COCR.N0000,active,https://www.cse.lk,2026-05-01,,,,COCR,1063,COMMERCIAL CREDIT AND FINANCE PLC,76.0
People's Leasing & Finance PLC,PLC.N0000,Main Board,Diversified Financials,Diversified Financials,,https://www.cse.lk/pages/company-profile/company-profile.component.html?symbol=PLC.N0000,active,https://www.cse.lk,2026-05-01,,,,PLC,1103,PEOPLE'S LEASING & FINANCE PLC,69.0
Ceylinco Insurance PLC,CINS.N0000,Main Board,Insurance,Insurance,,https://www.cse.lk/pages/company-profile/company-profile.component.html?symbol=CINS.N0000,active,https://www.cse.lk,2026-05-01,,,,CINS,367,CEYLINCO HOLDINGS PLC,69.0
Singer (Sri Lanka) PLC,SINS.N0000,Main Board,Retailing,Retailing,,https://www.cse.lk/pages/company-profile/company-profile.component.html?symbol=SINS.N0000,active,https://www.cse.lk,2026-05-01,,,,SINS,772,SINGER (SRI LANKA) PLC,73.0
Chevron Lubricants Lanka PLC,LLUB.N0000,Main Board,Materials,Materials,,https://www.cse.lk/pages/company-profile/company-profile.component.html?symbol=LLUB.N0000,active,https://www.cse.lk,2026-05-01,,,,LLUB,668,CHEVRON LUBRICANTS LANKA PLC,58.0
Tokyo Cement Company (Lanka) PLC,TKYO.N0000,Main Board,Materials,Materials,,https://www.cse.lk/pages/company-profile/company-profile.component.html?symbol=TKYO.N0000,active,https://www.cse.lk,2026-05-01,,,,TKYO,688,TOKYO CEMENT COMPANY (LANKA) PLC,63.0
Asiri Hospital Holdings PLC,ASIR.N0000,Second Board,Health Care Equipment & Services,Health Care Equipment & Services,,https://www.cse.lk/pages/company-profile/company-profile.component.html?symbol=ASIR.N0000,active,https://www.cse.lk,2026-05-01,,,,ASIR,512,ASIRI HOSPITAL HOLDINGS PLC,57.0
Nawaloka Hospitals PLC,NHL.N0000,Main Board,Health Care Equipment & Services,Health Care Equipment & Services,,https://www.cse.lk/pages/company-profile/company-profile.component.html?symbol=NHL.N0000,active,https://www.cse.lk,2026-05-01,,,,NHL,980,NAWALOKA HOSPITALS PLC,60.0
Kelani Tyres PLC,TYRE.N0000,Main Board,Automobiles & Components,Automobiles & Components,,https://www.cse.lk/pages/company-profile/company-profile.component.html?symbol=TYRE.N0000,active,https://www.cse.lk,2026-05-01,,,,TYRE,673,KELANI TYRES PLC,63.0
Teejay Lanka PLC,TJL.N0000,Main Board,Consumer Durables & Apparel,Consumer Durables & Apparel,,https://www.cse.lk/pages/company-profile/company-profile.component.html?symbol=TJL.N0000,active,https://www.cse.lk,2026-05-01,,,,TJL,1080,TEEJAY LANKA PLC,57.0
Windforce PLC,WIND.N0000,Main Board,Utilities,Utilities,,https://www.cse.lk/pages/company-profile/company-profile.component.html?symbol=WIND.N0000,active,https://www.cse.lk,2026-05-01,,,,WIND,2173,WINDFORCE PLC,30.0
Vidullanka PLC,VLL.N0000,Main Board,Utilities,Utilities,,https://www.cse.lk/pages/company-profile/company-profile.component.html?symbol=VLL.N0000,active,https://www.cse.lk,2026-05-01,,,,VLL,455,VIDULLANKA PLC,67.0
Aitken Spence Hotel Holdings PLC,AHUN.N0000,Second Board,Consumer Services,Consumer Services,,https://www.cse.lk/pages/company-profile/company-profile.component.html?symbol=AHUN.N0000,active,https://www.cse.lk,2026-05-01,,,,AHUN,521,AITKEN SPENCE HOTEL HOLDINGS PLC,57.0
Asian Hotels and Properties PLC,AHPL.N0000,Second Board,Consumer Services,Consumer Services,,https://www.cse.lk/pages/company-profile/company-profile.component.html?symbol=AHPL.N0000,active,https://www.cse.lk,2026-05-01,,,,AHPL,690,ASIAN HOTELS & PROPERTIES PLC,62.0
Taj Lanka Hotels PLC,TAJ.N0000,Main Board,Consumer Services,Consumer Services,,https://www.cse.lk/pages/company-profile/company-profile.component.html?symbol=TAJ.N0000,active,https://www.cse.lk,2026-05-01,,,,TAJ,604,TAL LANKA HOTELS PLC,61.0
Galadari Hotels (Lanka) PLC,GHLL.N0000,Main Board,Consumer Services,Consumer Services,,https://www.cse.lk/pages/company-profile/company-profile.component.html?symbol=GHLL.N0000,active,https://www.cse.lk,2026-05-01,,,,GHLL,541,GALADARI HOTELS (LANKA) PLC,57.0
John Keells Hotels PLC,KHL.N0000,Main Board,Consumer Services,Consumer Services,,https://www.cse.lk/pages/company-profile/company-profile.component.html?symbol=KHL.N0000,active,https://www.cse.lk,2026-05-01,,,,KHL,561,JOHN KEELLS HOTELS PLC,60.0
Browns Investments PLC,BIL.N0000,Main Board,Capital Goods,Capital Goods,,https://www.cse.lk/pages/company-profile/company-profile.component.html?symbol=BIL.N0000,active,https://www.cse.lk,2026-05-01,2.0,6.0,SIRA.N0000,BIL,1077,BROWNS INVESTMENTS PLC,59.0
Brown & Company PLC,BRWN.N0000,Main Board,Capital Goods,Capital Goods,,https://www.cse.lk/pages/company-profile/company-profile.component.html?symbol=BRWN.N0000,active,https://www.cse.lk,2026-05-01,,,,BRWN,764,BROWN & COMPANY PLC,58.0
Lanka Tiles PLC,TILE.N0000,Main Board,Capital Goods,Capital Goods,,https://www.cse.lk/pages/company-profile/company-profile.component.html?symbol=TILE.N0000,active,https://www.cse.lk,2026-05-01,,,,TILE,677,LANKA TILES PLC,56.0
Lanka Walltiles PLC,LWL.N0000,Main Board,Capital Goods,Capital Goods,,https://www.cse.lk/pages/company-profile/company-profile.component.html?symbol=LWL.N0000,active,https://www.cse.lk,2026-05-01,,,,LWL,678,LANKA WALLTILES PLC,56.0
Dipped Products PLC,DIPD.N0000,Main Board,Materials,Materials,,https://www.cse.lk/pages/company-profile/company-profile.component.html?symbol=DIPD.N0000,active,https://www.cse.lk,2026-05-01,,,,DIPD,670,DIPPED PRODUCTS PLC,77.0
Haycarb PLC,HAYC.N0000,Main Board,Materials,Materials,,https://www.cse.lk/pages/company-profile/company-profile.component.html?symbol=HAYC.N0000,active,https://www.cse.lk,2026-05-01,,,,HAYC,494,HAYCARB PLC,81.0
Kelani Valley Plantations PLC,KVAL.N0000,Main Board,Food Beverage & Tobacco,Food Beverage & Tobacco,,https://www.cse.lk/pages/company-profile/company-profile.component.html?symbol=KVAL.N0000,active,https://www.cse.lk,2026-05-01,,,,KVAL,712,KELANI VALLEY PLANTATIONS PLC,56.0
Talawakelle Tea Estates PLC,TTE.N0000,Main Board,Food Beverage & Tobacco,Food Beverage & Tobacco,,https://www.cse.lk/pages/company-profile/company-profile.component.html?symbol=TTE.N0000,active,https://www.cse.lk,2026-05-01,,,,TTE,,,
Elpitiya Plantations PLC,ELPI.N0000,Main Board,Food Beverage & Tobacco,Food Beverage & Tobacco,,https://www.cse.lk/pages/company-profile/company-profile.component.html?symbol=ELPI.N0000,active,https://www.cse.lk,2026-05-01,,,,ELPI,,,
Kegalle Plantations PLC,KGAL.N0000,Main Board,Food Beverage & Tobacco,Food Beverage & Tobacco,,https://www.cse.lk/pages/company-profile/company-profile.component.html?symbol=KGAL.N0000,active,https://www.cse.lk,2026-05-01,,,,KGAL,711,KEGALLE PLANTATIONS PLC,56.0
Namunukula Plantations PLC,NAMU.N0000,Main Board,Food Beverage & Tobacco,Food Beverage & Tobacco,,https://www.cse.lk/pages/company-profile/company-profile.component.html?symbol=NAMU.N0000,active,https://www.cse.lk,2026-05-01,,,,NAMU,725,NAMUNUKULA PLANTATIONS PLC,56.0
Balangoda Plantations PLC,BALA.N0000,Main Board,Food Beverage & Tobacco,Food Beverage & Tobacco,,https://www.cse.lk/pages/company-profile/company-profile.component.html?symbol=BALA.N0000,active,https://www.cse.lk,2026-05-01,,,,BALA,705,BALANGODA PLANTATIONS PLC,59.0
Bogawantalawa Tea Estates PLC,BOPL.N0000,Main Board,Food Beverage & Tobacco,Food Beverage & Tobacco,,https://www.cse.lk/pages/company-profile/company-profile.component.html?symbol=BOPL.N0000,active,https://www.cse.lk,2026-05-01,,,,BOPL,706,BOGAWANTALAWA TEA ESTATES PLC,58.0
Kotagala Plantations PLC,KOTA.N0000,Main Board,Food Beverage & Tobacco,Food Beverage & Tobacco,,https://www.cse.lk/pages/company-profile/company-profile.component.html?symbol=KOTA.N0000,active,https://www.cse.lk,2026-05-01,,,,KOTA,713,KOTAGALA PLANTATIONS PLC,59.0
Agalawatte Plantations PLC,AGAL.N0000,Main Board,Food Beverage & Tobacco,Food Beverage & Tobacco,,https://www.cse.lk/pages/company-profile/company-profile.component.html?symbol=AGAL.N0000,active,https://www.cse.lk,2026-05-01,,,,AGAL,704,AGALAWATTE PLANTATIONS PLC,59.0
Malwatte Valley Plantations PLC,MAL.N0000,Main Board,Food Beverage & Tobacco,Food Beverage & Tobacco,,https://www.cse.lk/pages/company-profile/company-profile.component.html?symbol=MAL.N0000,active,https://www.cse.lk,2026-05-01,,,,MAL,722,MALWATTE VALLEY PLANTATIONS PLC,60.0
Maskeliya Plantations PLC,MASK.N0000,Main Board,Food Beverage & Tobacco,Food Beverage & Tobacco,,https://www.cse.lk/pages/company-profile/company-profile.component.html?symbol=MASK.N0000,active,https://www.cse.lk,2026-05-01,,,,MASK,723,MASKELIYA PLANTATIONS PLC,56.0
Hapugastenne Plantations PLC,HAPU.N0000,Main Board,Food Beverage & Tobacco,Food Beverage & Tobacco,,https://www.cse.lk/pages/company-profile/company-profile.component.html?symbol=HAPU.N0000,active,https://www.cse.lk,2026-05-01,,,,HAPU,708,HAPUGASTENNE PLANTATIONS PLC,56.0
Udapussellawa Plantations PLC,UDAP.N0000,Main Board,Food Beverage & Tobacco,Food Beverage & Tobacco,,https://www.cse.lk/pages/company-profile/company-profile.component.html?symbol=UDAP.N0000,active,https://www.cse.lk,2026-05-01,,,,UDAP,,,
Sunshine Holdings PLC,SUN.N0000,Main Board,Food Beverage & Tobacco,Food Beverage & Tobacco,,https://www.cse.lk/pages/company-profile/company-profile.component.html?symbol=SUN.N0000,active,https://www.cse.lk,2026-05-01,,,,SUN,510,SUNSHINE HOLDINGS PLC,63.0
CIC Holdings PLC,CIC.N0000,Main Board,Materials,Materials,,https://www.cse.lk/pages/company-profile/company-profile.component.html?symbol=CIC.N0000,active,https://www.cse.lk,2026-05-01,,,,CIC,493,CIC HOLDINGS PLC,57.0
Chemanex PLC,CHMX.N0000,Main Board,Materials,Materials,,https://www.cse.lk/pages/company-profile/company-profile.component.html?symbol=CHMX.N0000,active,https://www.cse.lk,2026-05-01,,,,CHMX,492,CHEMANEX PLC,58.0
Union Bank of Colombo PLC,UBC.N0000,Main Board,Banks,Banks,,https://www.cse.lk/pages/company-profile/company-profile.component.html?symbol=UBC.N0000,active,https://www.cse.lk,2026-05-01,,,,UBC,1047,UNION BANK OF COLOMBO PLC,64.0
Sanasa Development Bank PLC,SDB.N0000,Main Board,Banks,Banks,,https://www.cse.lk/pages/company-profile/company-profile.component.html?symbol=SDB.N0000,active,https://www.cse.lk,2026-05-01,,,,SDB,1182,SANASA DEVELOPMENT BANK PLC,73.0
Housing Development Finance Corporation Bank of Sri Lanka,HDFC.N0000,Main Board,Banks,Banks,,https://www.cse.lk/pages/company-profile/company-profile.component.html?symbol=HDFC.N0000,active,https://www.cse.lk,2026-05-01,,,,HDFC,376,HOUSING DEVELOPMENT FINANCE CORPORATION BANK OF SRI LANKA,63.0
Mercantile Investments and Finance PLC,MERC.N0000,Dirisavi Board,Diversified Financials,Diversified Financials,,https://www.cse.lk/pages/company-profile/company-profile.component.html?symbol=MERC.N0000,active,https://www.cse.lk,2026-05-01,,,,MERC,1064,MERCANTILE INVESTMENTS AND FINANCE PLC,60.0
Alliance Finance Company PLC,ALLI.N0000,Main Board,Diversified Financials,Diversified Financials,,https://www.cse.lk/pages/company-profile/company-profile.component.html?symbol=ALLI.N0000,active,https://www.cse.lk,2026-05-01,,,,ALLI,341,ALLIANCE FINANCE COMPANY PLC,73.0
Citizens Development Business Finance PLC,CDB.N0000,Main Board,Diversified Financials,Diversified Financials,,https://www.cse.lk/pages/company-profile/company-profile.component.html?symbol=CDB.N0000,active,https://www.cse.lk,2026-05-01,,,,CDB,981,CITIZENS DEVELOPMENT BUSINESS FINANCE PLC,72.0
LOLC Finance PLC,LOFC.N0000,Main Board,Diversified Financials,Diversified Financials,,https://www.cse.lk/pages/company-profile/company-profile.component.html?symbol=LOFC.N0000,active,https://www.cse.lk,2026-05-01,,,,LOFC,1073,LOLC FINANCE PLC,78.0
Vallibel Finance PLC,VFIN.N0000,Main Board,Diversified Financials,Diversified Financials,,https://www.cse.lk/pages/company-profile/company-profile.component.html?symbol=VFIN.N0000,active,https://www.cse.lk,2026-05-01,,,,VFIN,949,VALLIBEL FINANCE PLC,61.0
Senkadagala Finance PLC,SFCL.N0000,Main Board,Diversified Financials,Diversified Financials,,https://www.cse.lk/pages/company-profile/company-profile.component.html?symbol=SFCL.N0000,active,https://www.cse.lk,2026-05-01,,,,SFCL,441,SENKADAGALA FINANCE PLC,73.0
HNB Finance PLC,HNBF.N0000,Main Board,Diversified Financials,Diversified Financials,,https://www.cse.lk/pages/company-profile/company-profile.component.html?symbol=HNBF.N0000,active,https://www.cse.lk,2026-05-01,,,,HNBF,1992,HNB FINANCE PLC,44.0
Orient Finance PLC,ORIN.N0000,Dirisavi Board,Diversified Financials,Diversified Financials,,https://www.cse.lk/pages/company-profile/company-profile.component.html?symbol=ORIN.N0000,active,https://www.cse.lk,2026-05-01,,,,ORIN,1184,ORIENT FINANCE PLC REMOVED,5.0
Prime Lands Residencies PLC,PLR.N0000,Main Board,Real Estate,Real Estate,,https://www.cse.lk/pages/company-profile/company-profile.component.html?symbol=PLR.N0000,active,https://www.cse.lk,2026-05-01,,,,PLR,2279,PRIME LANDS RESIDENCIES PLC,37.0
Overseas Realty (Ceylon) PLC,OSEA.N0000,Main Board,Real Estate,Real Estate,,https://www.cse.lk/pages/company-profile/company-profile.component.html?symbol=OSEA.N0000,active,https://www.cse.lk,2026-05-01,,,,OSEA,628,OVERSEAS REALTY (CEYLON) PLC,59.0
Colombo Land and Development Company PLC,CLND.N0000,Main Board,Real Estate,Real Estate,,https://www.cse.lk/pages/company-profile/company-profile.component.html?symbol=CLND.N0000,active,https://www.cse.lk,2026-05-01,,,,CLND,618,COLOMBO LAND & DEVELOPMENT COMPANY PLC,59.0
C T Holdings PLC,CTHR.N0000,Main Board,Retailing,Retailing,,https://www.cse.lk/pages/company-profile/company-profile.component.html?symbol=CTHR.N0000,active,https://www.cse.lk,2026-05-01,,,,CTHR,503,C T HOLDINGS PLC,57.0
Cargills (Ceylon) PLC,CARG.N0000,Main Board,Retailing,Retailing,,https://www.cse.lk/pages/company-profile/company-profile.component.html?symbol=CARG.N0000,active,https://www.cse.lk,2026-05-01,,,,CARG,457,CARGILLS (CEYLON) PLC,57.0
Lion Brewery (Ceylon) PLC,LION.N0000,Main Board,Food Beverage & Tobacco,Food Beverage & Tobacco,,https://www.cse.lk/pages/company-profile/company-profile.component.html?symbol=LION.N0000,active,https://www.cse.lk,2026-05-01,,,,LION,485,LION BREWERY CEYLON PLC,61.0
Bairaha Farms PLC,BFL.N0000,Main Board,Food Beverage & Tobacco,Food Beverage & Tobacco,,https://www.cse.lk/pages/company-profile/company-profile.component.html?symbol=BFL.N0000,active,https://www.cse.lk,2026-05-01,,,,BFL,452,BAIRAHA FARMS PLC,56.0
Three Acre Farms PLC,TAFL.N0000,Main Board,Food Beverage & Tobacco,Food Beverage & Tobacco,,https://www.cse.lk/pages/company-profile/company-profile.component.html?symbol=TAFL.N0000,active,https://www.cse.lk,2026-05-01,,,,TAFL,491,THREE ACRE FARMS PLC,58.0
Ceylon Grain Elevators PLC,GRAN.N0000,Main Board,Food Beverage & Tobacco,Food Beverage & Tobacco,,https://www.cse.lk/pages/company-profile/company-profile.component.html?symbol=GRAN.N0000,active,https://www.cse.lk,2026-05-01,,,,GRAN,671,CEYLON GRAIN ELEVATORS PLC,57.0
Hela Apparel Holdings PLC,HELA.N0000,Main Board,Consumer Durables & Apparel,Consumer Durables & Apparel,,https://www.cse.lk/pages/company-profile/company-profile.component.html?symbol=HELA.N0000,active,https://www.cse.lk,2026-05-01,,,,HELA,2727,HELA APPAREL HOLDINGS PLC,28.0
Hayleys Fabric PLC,MGT.N0000,Main Board,Consumer Durables & Apparel,Consumer Durables & Apparel,,https://www.cse.lk/pages/company-profile/company-profile.component.html?symbol=MGT.N0000,active,https://www.cse.lk,2026-05-01,,,,MGT,403,HAYLEYS FABRIC PLC,62.0
Printcare PLC,CARE.N0000,Main Board,Commercial & Professional Services,Commercial & Professional Services,,https://www.cse.lk/pages/company-profile/company-profile.component.html?symbol=CARE.N0000,active,https://www.cse.lk,2026-05-01,,,,CARE,681,PRINTCARE  PLC,56.0
BPPL Holdings PLC,BPPL.N0000,Main Board,Capital Goods,Capital Goods,,https://www.cse.lk/pages/company-profile/company-profile.component.html?symbol=BPPL.N0000,active,https://www.cse.lk,2026-05-01,,,,BPPL,1524,B P P L HOLDINGS PLC,53.0
Alumex PLC,ALUM.N0000,Main Board,Capital Goods,Capital Goods,,https://www.cse.lk/pages/company-profile/company-profile.component.html?symbol=ALUM.N0000,active,https://www.cse.lk,2026-05-01,,,,ALUM,1323,ALUMEX PLC,57.0
Lanka Aluminum Industries PLC,LALU.N0000,Main Board,Capital Goods,Capital Goods,,https://www.cse.lk/pages/company-profile/company-profile.component.html?symbol=LALU.N0000,active,https://www.cse.lk,2026-05-01,,,,LALU,674,LANKA ALUMINIUM INDUSTRIES PLC,56.0
ACL Cables PLC,ACL.N0000,Main Board,Capital Goods,Capital Goods,,https://www.cse.lk/pages/company-profile/company-profile.component.html?symbol=ACL.N0000,active,https://www.cse.lk,2026-05-01,,,,ACL,644,ACL CABLES PLC,56.0
Kelani Cables PLC,KCAB.N0000,Main Board,Capital Goods,Capital Goods,,https://www.cse.lk/pages/company-profile/company-profile.component.html?symbol=KCAB.N0000,active,https://www.cse.lk,2026-05-01,,,,KCAB,672,KELANI CABLES PLC,59.0
Softlogic Life Insurance PLC,AAIC.N0000,Main Board,Insurance,Insurance,,https://www.cse.lk/pages/company-profile/company-profile.component.html?symbol=AAIC.N0000,active,https://www.cse.lk,2026-05-01,3.0,6.0,LHL.N0000,AAIC,364,SOFTLOGIC LIFE INSURANCE PLC,63.0
Janashakthi Insurance PLC,JINS.N0000,Main Board,Insurance,Insurance,,https://www.cse.lk/pages/company-profile/company-profile.component.html?symbol=JINS.N0000,active,https://www.cse.lk,2026-05-01,,,,JINS,841,JANASHAKTHI INSURANCE PLC,62.0
HNB Assurance PLC,HASU.N0000,Main Board,Insurance,Insurance,,https://www.cse.lk/pages/company-profile/company-profile.component.html?symbol=HASU.N0000,active,https://www.cse.lk,2026-05-01,,,,HASU,375,HNB LIFE  PLC,58.0
Union Assurance PLC,UAL.N0000,Main Board,Insurance,Insurance,,https://www.cse.lk/pages/company-profile/company-profile.component.html?symbol=UAL.N0000,active,https://www.cse.lk,2026-05-01,,,,UAL,450,UNION ASSURANCE PLC,57.0
Amana Takaful PLC,ATL.N0000,Dirisavi Board,Insurance,Insurance,,https://www.cse.lk/pages/company-profile/company-profile.component.html?symbol=ATL.N0000,active,https://www.cse.lk,2026-05-01,,,,ATL,361,AMANA TAKAFUL  PLC,57.0
Amana Takaful Life PLC,ATLL.N0000,Dirisavi Board,Insurance,Insurance,,https://www.cse.lk/pages/company-profile/company-profile.component.html?symbol=ATLL.N0000,active,https://www.cse.lk,2026-05-01,,,,ATLL,1484,AMANA TAKAFUL LIFE PLC,48.0
Arpico Insurance PLC,AINS.N0000,Dirisavi Board,Insurance,Insurance,,https://www.cse.lk/pages/company-profile/company-profile.component.html?symbol=AINS.N0000,active,https://www.cse.lk,2026-05-01,,,,AINS,1405,ARPICO INSURANCE PLC,62.0
People's Insurance PLC,PINS.N0000,Main Board,Insurance,Insurance,,https://www.cse.lk/pages/company-profile/company-profile.component.html?symbol=PINS.N0000,active,https://www.cse.lk,2026-05-01,,,,PINS,1465,PEOPLE'S INSURANCE PLC,54.0
Co-operative Insurance Company PLC,COOP.N0000,Dirisavi Board,Insurance,Insurance,,https://www.cse.lk/pages/company-profile/company-profile.component.html?symbol=COOP.N0000,active,https://www.cse.lk,2026-05-01,,,,COOP,2692,CO-OPERATIVE INSURANCE COMPANY PLC,34.0
Vallibel Power Erathna PLC,VPEL.N0000,Main Board,Utilities,Utilities,,https://www.cse.lk/pages/company-profile/company-profile.component.html?symbol=VPEL.N0000,active,https://www.cse.lk,2026-05-01,,,,VPEL,454,VALLIBEL POWER ERATHNA PLC,57.0
Panasian Power PLC,PAP.N0000,Main Board,Utilities,Utilities,,https://www.cse.lk/pages/company-profile/company-profile.component.html?symbol=PAP.N0000,active,https://www.cse.lk,2026-05-01,,,,PAP,1040,PANASIAN POWER PLC,57.0
Resus Energy PLC,HPWR.N0000,Main Board,Utilities,Utilities,,https://www.cse.lk/pages/company-profile/company-profile.component.html?symbol=HPWR.N0000,active,https://www.cse.lk,2026-05-01,,,,HPWR,881,RESUS ENERGY PLC,66.0
LVL Energy Fund PLC,LVEF.N0000,Dirisavi Board,Utilities,Utilities,,https://www.cse.lk/pages/company-profile/company-profile.component.html?symbol=LVEF.N0000,active,https://www.cse.lk,2026-05-01,,,,LVEF,1707,LVL ENERGY FUND PLC,47.0
Lanka Ventures PLC,LVEN.N0000,Main Board,Diversified Financials,Diversified Financials,,https://www.cse.lk/pages/company-profile/company-profile.component.html?symbol=LVEN.N0000,active,https://www.cse.lk,2026-05-01,,,,LVEN,377,LANKA VENTURES PLC,56.0
Lotus Hydro Power PLC,HPFL.N0000,Dirisavi Board,Utilities,Utilities,,https://www.cse.lk/pages/company-profile/company-profile.component.html?symbol=HPFL.N0000,active,https://www.cse.lk,2026-05-01,,,,HPFL,1000,LOTUS HYDRO POWER PLC,56.0
Horana Plantations PLC,HOPL.N0000,Main Board,Food Beverage & Tobacco,Food Beverage & Tobacco,,https://www.cse.lk/pages/company-profile/company-profile.component.html?symbol=HOPL.N0000,active,https://www.cse.lk,2026-05-01,,,,HOPL,709,HORANA PLANTATIONS PLC,56.0
Kahawatte Plantations PLC,KAHA.N0000,Main Board,Food Beverage & Tobacco,Food Beverage & Tobacco,,https://www.cse.lk/pages/company-profile/company-profile.component.html?symbol=KAHA.N0000,active,https://www.cse.lk,2026-05-01,,,,KAHA,710,KAHAWATTE PLANTATIONS PLC,56.0
Madulsima Plantations PLC,MADU.N0000,Main Board,Food Beverage & Tobacco,Food Beverage & Tobacco,,https://www.cse.lk/pages/company-profile/company-profile.component.html?symbol=MADU.N0000,active,https://www.cse.lk,2026-05-01,,,,MADU,721,MADULSIMA PLANTATIONS PLC,61.0
Agarapatana Plantations PLC,AGPL.N0000,Main Board,Food Beverage & Tobacco,Food Beverage & Tobacco,,https://www.cse.lk/pages/company-profile/company-profile.component.html?symbol=AGPL.N0000,active,https://www.cse.lk,2026-05-01,,,,AGPL,,,
Asiri Surgical Hospital PLC,AMSL.N0000,Main Board,Health Care Equipment & Services,Health Care Equipment & Services,,https://www.cse.lk/pages/company-profile/company-profile.component.html?symbol=AMSL.N0000,active,https://www.cse.lk,2026-05-01,,,,AMSL,513,ASIRI  SURGICAL HOSPITAL PLC,58.0
The Lanka Hospitals Corporation PLC,LHCL.N0000,Main Board,Health Care Equipment & Services,Health Care Equipment & Services,,https://www.cse.lk/pages/company-profile/company-profile.component.html?symbol=LHCL.N0000,active,https://www.cse.lk,2026-05-01,,,,LHCL,516,THE LANKA HOSPITALS CORPORATION PLC,58.0
Ceylon Hospitals PLC,CHL.N0000,Main Board,Health Care Equipment & Services,Health Care Equipment & Services,,https://www.cse.lk/pages/company-profile/company-profile.component.html?symbol=CHL.N0000,active,https://www.cse.lk,2026-05-01,,,,CHL,514,CEYLON HOSPITALS PLC (DURDANS),56.0
Singhe Hospitals PLC,SINH.N0000,Dirisavi Board,Health Care Equipment & Services,Health Care Equipment & Services,,https://www.cse.lk/pages/company-profile/company-profile.component.html?symbol=SINH.N0000,active,https://www.cse.lk,2026-05-01,,,,SINH,1444,SINGHE HOSPITALS PLC,58.0
E - Channelling PLC,ECL.N0000,Dirisavi Board,Health Care Equipment & Services,Health Care Equipment & Services,,https://www.cse.lk/pages/company-profile/company-profile.component.html?symbol=ECL.N0000,active,https://www.cse.lk,2026-05-01,,,,ECL,374,E-CHANNELLING PLC,56.0
Renuka Foods PLC,COCO.N0000,Main Board,Food Beverage & Tobacco,Food Beverage & Tobacco,,https://www.cse.lk/pages/company-profile/company-profile.component.html?symbol=COCO.N0000,active,https://www.cse.lk,2026-05-01,,,,COCO,461,RENUKA FOODS PLC,56.0
Renuka Agri Foods PLC,RAL.N0000,Main Board,Food Beverage & Tobacco,Food Beverage & Tobacco,,https://www.cse.lk/pages/company-profile/company-profile.component.html?symbol=RAL.N0000,active,https://www.cse.lk,2026-05-01,,,,RAL,901,RENUKA AGRI FOODS PLC,56.0
Convenience Foods (Lanka) PLC,SOY.N0000,Main Board,Food Beverage & Tobacco,Food Beverage & Tobacco,,https://www.cse.lk/pages/company-profile/company-profile.component.html?symbol=SOY.N0000,active,https://www.cse.lk,2026-05-01,,,,SOY,488,CONVENIENCE  FOODS (LANKA )PLC,66.0
Ceylon Tea Brokers PLC,CTBL.N0000,Dirisavi Board,Commercial & Professional Services,Commercial & Professional Services,,https://www.cse.lk/pages/company-profile/company-profile.component.html?symbol=CTBL.N0000,active,https://www.cse.lk,2026-05-01,,,,CTBL,923,CEYLON TEA BROKERS PLC,57.0
Harischandra Mills PLC,HARI.N0000,Main Board,Food Beverage & Tobacco,Food Beverage & Tobacco,,https://www.cse.lk/pages/company-profile/company-profile.component.html?symbol=HARI.N0000,active,https://www.cse.lk,2026-05-01,,,,HARI,482,HARISCHANDRA MILLS PLC,56.0
Kotmale Holdings PLC,LAMB.N0000,Dirisavi Board,Food Beverage & Tobacco,Food Beverage & Tobacco,,https://www.cse.lk/pages/company-profile/company-profile.component.html?symbol=LAMB.N0000,active,https://www.cse.lk,2026-05-01,,,,LAMB,484,KOTMALE HOLDINGS PLC,56.0
Lanka Ceramic PLC,CERA.N0000,Main Board,Capital Goods,Capital Goods,,https://www.cse.lk/pages/company-profile/company-profile.component.html?symbol=CERA.N0000,active,https://www.cse.lk,2026-05-01,,,,CERA,676,LANKA CERAMIC PLC,56.0
Sierra Cables PLC,SIRA.N0000,Main Board,Capital Goods,Capital Goods,,https://www.cse.lk/pages/company-profile/company-profile.component.html?symbol=SIRA.N0000,active,https://www.cse.lk,2026-05-01,,,,SIRA,685,SIERRA CABLES PLC,59.0
Swisstek (Ceylon) PLC,PARQ.N0000,Main Board,Capital Goods,Capital Goods,,https://www.cse.lk/pages/company-profile/company-profile.component.html?symbol=PARQ.N0000,active,https://www.cse.lk,2026-05-01,,,,PARQ,679,SWISSTEK (CEYLON) PLC,57.0
Ambeon Capital PLC,TAP.N0000,Dirisavi Board,Diversified Financials,Diversified Financials,,https://www.cse.lk/pages/company-profile/company-profile.component.html?symbol=TAP.N0000,active,https://www.cse.lk,2026-05-01,,,,TAP,1181,AMBEON CAPITAL PLC,61.0
Ambeon Holdings PLC,GREG.N0000,Main Board,Capital Goods,Capital Goods,,https://www.cse.lk/pages/company-profile/company-profile.component.html?symbol=GREG.N0000,active,https://www.cse.lk,2026-05-01,,,,GREG,782,AMBEON HOLDINGS PLC,62.0
The Colombo Fort Land and Building PLC,CFLD.N0000,Main Board,Real Estate,Real Estate,,https://www.cse.lk/pages/company-profile/company-profile.component.html?symbol=CFLD.N0000,active,https://www.cse.lk,2026-05-01,,,,CFLD,,,
Mahaweli Reach Hotels PLC,MRH.N0000,Main Board,Consumer Services,Consumer Services,,https://www.cse.lk/pages/company-profile/company-profile.component.html?symbol=MRH.N0000,active,https://www.cse.lk,2026-05-01,,,,MRH,563,MAHAWELI REACH HOTELS PLC,60.0
Marawila Resorts PLC,MARA.N0000,Dirisavi Board,Consumer Services,Consumer Services,,https://www.cse.lk/pages/company-profile/company-profile.component.html?symbol=MARA.N0000,active,https://www.cse.lk,2026-05-01,,,,MARA,564,MARAWILA RESORTS PLC,58.0
Sigiriya Village Hotels PLC,SIGV.N0000,Main Board,Consumer Services,Consumer Services,,https://www.cse.lk/pages/company-profile/company-profile.component.html?symbol=SIGV.N0000,active,https://www.cse.lk,2026-05-01,,,,SIGV,602,SIGIRIYA VILLAGE HOTELS PLC,57.0
Beruwala Resorts PLC,BERU.N0000,Main Board,Consumer Services,Consumer Services,,https://www.cse.lk/pages/company-profile/company-profile.component.html?symbol=BERU.N0000,active,https://www.cse.lk,2026-05-01,,,,BERU,1201,BERUWALA RESORTS PLC,56.0
Eden Hotel Lanka PLC,EDEN.N0000,Main Board,Consumer Services,Consumer Services,,https://www.cse.lk/pages/company-profile/company-profile.component.html?symbol=EDEN.N0000,active,https://www.cse.lk,2026-05-01,,,,EDEN,533,EDEN HOTEL LANKA PLC,56.0
Hunas Holdings PLC,HUNA.N0000,Main Board,Capital Goods,Capital Goods,,https://www.cse.lk/pages/company-profile/company-profile.component.html?symbol=HUNA.N0000,active,https://www.cse.lk,2026-05-01,,,,HUNA,546,HUNAS HOLDINGS PLC,58.0
Dolphin Hotels PLC,KEEH.N0000,Main Board,Consumer Services,Consumer Services,,https://www.cse.lk/pages/company-profile/company-profile.component.html?symbol=KEEH.N0000,active,https://www.cse.lk,2026-05-01,,,,KEEH,,,
Serendib Hotels PLC,SHOT.N0000,Main Board,Consumer Services,Consumer Services,,https://www.cse.lk/pages/company-profile/company-profile.component.html?symbol=SHOT.N0000,active,https://www.cse.lk,2026-05-01,,,,SHOT,601,SERENDIB HOTELS PLC,57.0
Pegasus Hotels of Ceylon PLC,PEG.N0000,Main Board,Consumer Services,Consumer Services,,https://www.cse.lk/pages/company-profile/company-profile.component.html?symbol=PEG.N0000,active,https://www.cse.lk,2026-05-01,,,,PEG,567,PEGASUS HOTELS OF CEYLON PLC,56.0
Ramboda Falls PLC,RFL.N0000,Main Board,Consumer Services,Consumer Services,,https://www.cse.lk/pages/company-profile/company-profile.component.html?symbol=RFL.N0000,active,https://www.cse.lk,2026-05-01,,,,RFL,1185,RAMBODA FALLS PLC,57.0
Royal Palms Beach Hotels PLC,RPBH.N0000,Main Board,Consumer Services,Consumer Services,,https://www.cse.lk/pages/company-profile/company-profile.component.html?symbol=RPBH.N0000,active,https://www.cse.lk,2026-05-01,,,,RPBH,581,ROYAL PALMS BEACH HOTELS PLC,59.0
Tangerine Beach Hotels PLC,TANG.N0000,Main Board,Consumer Services,Consumer Services,,https://www.cse.lk/pages/company-profile/company-profile.component.html?symbol=TANG.N0000,active,https://www.cse.lk,2026-05-01,,,,TANG,605,TANGERINE BEACH HOTELS PLC,59.0
Amaya Leisure PLC,CONN.N0000,Main Board,Consumer Services,Consumer Services,,https://www.cse.lk/pages/company-profile/company-profile.component.html?symbol=CONN.N0000,active,https://www.cse.lk,2026-05-01,,,,CONN,532,HAYLEYS LEISURE  PLC,56.0
Jetwing Symphony PLC,JETS.N0000,Dirisavi Board,Consumer Services,Consumer Services,,https://www.cse.lk/pages/company-profile/company-profile.component.html?symbol=JETS.N0000,active,https://www.cse.lk,2026-05-01,,,,JETS,1686,JETWING SYMPHONY PLC,51.0
Lighthouse Hotel PLC,LHL.N0000,Main Board,Consumer Services,Consumer Services,,https://www.cse.lk/pages/company-profile/company-profile.component.html?symbol=LHL.N0000,active,https://www.cse.lk,2026-05-01,4.0,6.0,SELI.N0000,LHL,562,THE LIGHTHOUSE HOTEL PLC,57.0
Nuwara Eliya Hotels PLC,NEH.N0000,Main Board,Consumer Services,Consumer Services,,https://www.cse.lk/pages/company-profile/company-profile.component.html?symbol=NEH.N0000,active,https://www.cse.lk,2026-05-01,,,,NEH,566,THE NUWARA ELIYA HOTELS COMPANY PLC,57.0
Trans Asia Hotels PLC,TRAN.N0000,Main Board,Consumer Services,Consumer Services,,https://www.cse.lk/pages/company-profile/company-profile.component.html?symbol=TRAN.N0000,active,https://www.cse.lk,2026-05-01,,,,TRAN,606,TRANS ASIA HOTELS PLC,60.0
Citrus Leisure PLC,REEF.N0000,Main Board,Consumer Services,Consumer Services,,https://www.cse.lk/pages/company-profile/company-profile.component.html?symbol=REEF.N0000,active,https://www.cse.lk,2026-05-01,,,,REEF,568,CITRUS LEISURE  PLC,58.0
Hikkaduwa Beach Resort PLC,CITH.N0000,Dirisavi Board,Consumer Services,Consumer Services,,https://www.cse.lk/pages/company-profile/company-profile.component.html?symbol=CITH.N0000,active,https://www.cse.lk,2026-05-01,,,,CITH,1222,HIKKADUWA BEACH RESORT PLC,62.0
Waskaduwa Beach Resort PLC,CITW.N0000,Dirisavi Board,Consumer Services,Consumer Services,,https://www.cse.lk/pages/company-profile/company-profile.component.html?symbol=CITW.N0000,active,https://www.cse.lk,2026-05-01,,,,CITW,1106,WASKADUWA BEACH RESORT PLC,59.0
The Kingsbury PLC,SERV.N0000,Main Board,Consumer Services,Consumer Services,,https://www.cse.lk/pages/company-profile/company-profile.component.html?symbol=SERV.N0000,active,https://www.cse.lk,2026-05-01,,,,SERV,543,THE KINGSBURY PLC,57.0
Browns Beach Hotels PLC,BBH.N0000,Main Board,Consumer Services,Consumer Services,,https://www.cse.lk/pages/company-profile/company-profile.component.html?symbol=BBH.N0000,active,https://www.cse.lk,2026-05-01,,,,BBH,525,BROWNS BEACH HOTELS PLC,58.0
Palm Garden Hotels PLC,PALM.N0000,Main Board,Consumer Services,Consumer Services,,https://www.cse.lk/pages/company-profile/company-profile.component.html?symbol=PALM.N0000,active,https://www.cse.lk,2026-05-01,,,,PALM,529,PALM GARDEN HOTELS PLC,56.0
Bogala Graphite Lanka PLC,BOGA.N0000,Main Board,Materials,Materials,,https://www.cse.lk/pages/company-profile/company-profile.component.html?symbol=BOGA.N0000,active,https://www.cse.lk,2026-05-01,,,,BOGA,664,BOGALA GRAPHITE LANKA PLC,57.0
Chrissworld PLC,CWL.N0000,Empower Board,Transportation,Transportation,,https://www.cse.lk/pages/company-profile/company-profile.component.html?symbol=CWL.N0000,active,https://www.cse.lk,2026-05-01,,,,CWL,2236,CHRISSWORLD PLC,29.0
Lanka Realty Investments PLC,ASCO.N0000,Main Board,Real Estate,Real Estate,,https://www.cse.lk/pages/company-profile/company-profile.component.html?symbol=ASCO.N0000,active,https://www.cse.lk,2026-05-01,,,,ASCO,401,LANKA REALTY INVESTMENTS PLC,58.0
C T Land Development PLC,CTLD.N0000,Main Board,Real Estate,Real Estate,,https://www.cse.lk/pages/company-profile/company-profile.component.html?symbol=CTLD.N0000,active,https://www.cse.lk,2026-05-01,,,,CTLD,614,C T LAND DEVELOPMENT PLC,60.0
Equity Two PLC,ETWO.N0000,Main Board,Real Estate,Real Estate,,https://www.cse.lk/pages/company-profile/company-profile.component.html?symbol=ETWO.N0000,active,https://www.cse.lk,2026-05-01,,,,ETWO,621,EQUITY TWO PLC,56.0
Serendib Land PLC,SLND.N0000,Main Board,Real Estate,Real Estate,,https://www.cse.lk/pages/company-profile/company-profile.component.html?symbol=SLND.N0000,active,https://www.cse.lk,2026-05-01,,,,SLND,630,SERENDIB LAND PLC,56.0
York Arcade Holdings PLC,YORK.N0000,Main Board,Real Estate,Real Estate,,https://www.cse.lk/pages/company-profile/company-profile.component.html?symbol=YORK.N0000,active,https://www.cse.lk,2026-05-01,,,,YORK,641,YORK ARCADE HOLDINGS PLC,57.0
Lee Hedges PLC,SHAW.N0000,Main Board,Real Estate,Real Estate,,https://www.cse.lk/pages/company-profile/company-profile.component.html?symbol=SHAW.N0000,active,https://www.cse.lk,2026-05-01,,,,SHAW,632,LEE HEDGES PLC,57.0
On'ally Holdings PLC,ONAL.N0000,Main Board,Real Estate,Real Estate,,https://www.cse.lk/pages/company-profile/company-profile.component.html?symbol=ONAL.N0000,active,https://www.cse.lk,2026-05-01,,,,ONAL,627,ON ALLY HOLDINGS PLC,63.0
Commercial Development Company PLC,COMD.N0000,Main Board,Real Estate,Real Estate,,https://www.cse.lk/pages/company-profile/company-profile.component.html?symbol=COMD.N0000,active,https://www.cse.lk,2026-05-01,,,,COMD,619,COMMERCIAL DEVELOPMENT COMPANY PLC,57.0
Millennium Housing Developers PLC,MHD.N0000,Dirisavi Board,Real Estate,Real Estate,,https://www.cse.lk/pages/company-profile/company-profile.component.html?symbol=MHD.N0000,active,https://www.cse.lk,2026-05-01,,,,MHD,,,
Kelsey Developments PLC,KDL.N0000,Dirisavi Board,Real Estate,Real Estate,,https://www.cse.lk/pages/company-profile/company-profile.component.html?symbol=KDL.N0000,active,https://www.cse.lk,2026-05-01,,,,KDL,625,KELSEY DEVELOPMENTS PLC,53.0
Asia Asset Finance PLC,AAF.N0000,Dirisavi Board,Diversified Financials,Diversified Financials,,https://www.cse.lk/pages/company-profile/company-profile.component.html?symbol=AAF.N0000,active,https://www.cse.lk,2026-05-01,,,,AAF,1108,ASIA ASSET FINANCE PLC,77.0
Asia Capital PLC,ACAP.N0000,Main Board,Diversified Financials,Diversified Financials,,https://www.cse.lk/pages/company-profile/company-profile.component.html?symbol=ACAP.N0000,active,https://www.cse.lk,2026-05-01,,,,ACAP,363,ASIA CAPITAL PLC,58.0
Capital Alliance PLC,CALT.N0000,Dirisavi Board,Diversified Financials,Diversified Financials,,https://www.cse.lk/pages/company-profile/company-profile.component.html?symbol=CALT.N0000,active,https://www.cse.lk,2026-05-01,,,,CALT,2647,CAPITAL ALLIANCE PLC,30.0
First Capital Holdings PLC,CFVF.N0000,Main Board,Diversified Financials,Diversified Financials,,https://www.cse.lk/pages/company-profile/company-profile.component.html?symbol=CFVF.N0000,active,https://www.cse.lk,2026-05-01,,,,CFVF,698,FIRST CAPITAL HOLDINGS PLC,59.0
First Capital Treasuries PLC,FCT.N0000,Main Board,Diversified Financials,Diversified Financials,,https://www.cse.lk/pages/company-profile/company-profile.component.html?symbol=FCT.N0000,active,https://www.cse.lk,2026-05-01,,,,FCT,1426,FIRST CAPITAL TREASURIES PLC,66.0
Sarvodaya Development Finance PLC,SDF.N0000,Main Board,Diversified Financials,Diversified Financials,,https://www.cse.lk/pages/company-profile/company-profile.component.html?symbol=SDF.N0000,active,https://www.cse.lk,2026-05-01,,,,SDF,2567,SARVODAYA DEVELOPMENT FINANCE PLC,27.0
SMB Finance PLC,SEMB.N0000,Main Board,Diversified Financials,Diversified Financials,,https://www.cse.lk/pages/company-profile/company-profile.component.html?symbol=SEMB.N0000,active,https://www.cse.lk,2026-05-01,,,,SEMB,445,SMB FINANCE PLC,61.0
Shaw Wallace Investments PLC,KZOO.N0000,Dirisavi Board,Diversified Financials,Diversified Financials,,https://www.cse.lk/pages/company-profile/company-profile.component.html?symbol=KZOO.N0000,active,https://www.cse.lk,2026-05-01,,,,KZOO,732,CEYLON LAND & EQUITY PLC,59.0
Merchant Bank of Sri Lanka & Finance PLC,MBSL.N0000,Main Board,Diversified Financials,Diversified Financials,,https://www.cse.lk/pages/company-profile/company-profile.component.html?symbol=MBSL.N0000,active,https://www.cse.lk,2026-05-01,,,,MBSL,380,MERCHANT BANK OF SRI LANKA & FINANCE PLC,71.0
People's Merchant Finance PLC,PMB.N0000,Main Board,Diversified Financials,Diversified Financials,,https://www.cse.lk/pages/company-profile/company-profile.component.html?symbol=PMB.N0000,active,https://www.cse.lk,2026-05-01,,,,PMB,405,PMF FINANCE PLC,68.0
Multi Finance PLC,MFL.N0000,Dirisavi Board,Diversified Financials,Diversified Financials,,https://www.cse.lk/pages/company-profile/company-profile.component.html?symbol=MFL.N0000,active,https://www.cse.lk,2026-05-01,,,,MFL,1062,MULTI FINANCE PLC,58.0
Nation Lanka Finance PLC,CSF.N0000,Main Board,Diversified Financials,Diversified Financials,,https://www.cse.lk/pages/company-profile/company-profile.component.html?symbol=CSF.N0000,active,https://www.cse.lk,2026-05-01,,,,CSF,368,NATION LANKA FINANCE PLC,66.0
Softlogic Finance PLC,CRL.N0000,Main Board,Diversified Financials,Diversified Financials,,https://www.cse.lk/pages/company-profile/company-profile.component.html?symbol=CRL.N0000,active,https://www.cse.lk,2026-05-01,,,,CRL,863,SOFTLOGIC FINANCE PLC,69.0
Associated Motor Finance Company PLC,AMF.N0000,Dirisavi Board,Diversified Financials,Diversified Financials,,https://www.cse.lk/pages/company-profile/company-profile.component.html?symbol=AMF.N0000,active,https://www.cse.lk,2026-05-01,,,,AMF,1068,ASSOCIATED MOTOR FINANCE COMPANY PLC,71.0
Ceylon Investment PLC,CINV.N0000,Main Board,Diversified Financials,Diversified Financials,,https://www.cse.lk/pages/company-profile/company-profile.component.html?symbol=CINV.N0000,active,https://www.cse.lk,2026-05-01,,,,CINV,608,CEYLON INVESTMENT PLC,57.0
Ceylon Guardian Investment Trust PLC,GUAR.N0000,Main Board,Diversified Financials,Diversified Financials,,https://www.cse.lk/pages/company-profile/company-profile.component.html?symbol=GUAR.N0000,active,https://www.cse.lk,2026-05-01,,,,GUAR,607,CEYLON GUARDIAN INVESTMENT TRUST PLC,56.0
Renuka Holdings PLC,RHL.N0000,Main Board,Capital Goods,Capital Goods,,https://www.cse.lk/pages/company-profile/company-profile.component.html?symbol=RHL.N0000,active,https://www.cse.lk,2026-05-01,,,,RHL,821,RENUKA HOLDINGS PLC,58.0
Abans Electricals PLC,ABAN.N0000,Main Board,Consumer Durables & Apparel,Consumer Durables & Apparel,,https://www.cse.lk/pages/company-profile/company-profile.component.html?symbol=ABAN.N0000,active,https://www.cse.lk,2026-05-01,,,,ABAN,642,ABANS ELECTRICALS PLC,56.0
Singer Industries (Ceylon) PLC,SINI.N0000,Main Board,Consumer Durables & Apparel,Consumer Durables & Apparel,,https://www.cse.lk/pages/company-profile/company-profile.component.html?symbol=SINI.N0000,active,https://www.cse.lk,2026-05-01,,,,SINI,686,SINGER INDUSTRIES (CEYLON) PLC,46.0
Regnis (Lanka) PLC,REG.N0000,Main Board,Consumer Durables & Apparel,Consumer Durables & Apparel,,https://www.cse.lk/pages/company-profile/company-profile.component.html?symbol=REG.N0000,active,https://www.cse.lk,2026-05-01,,,,REG,682,REGNIS(LANKA) PLC,46.0
Dankotuwa Porcelain PLC,DPL.N0000,Main Board,Capital Goods,Capital Goods,,https://www.cse.lk/pages/company-profile/company-profile.component.html?symbol=DPL.N0000,active,https://www.cse.lk,2026-05-01,,,,DPL,669,DANKOTUWA PORCELAIN PLC,59.0
Lankem Ceylon PLC,LCEY.N0000,Main Board,Capital Goods,Capital Goods,,https://www.cse.lk/pages/company-profile/company-profile.component.html?symbol=LCEY.N0000,active,https://www.cse.lk,2026-05-01,,,,LCEY,497,LANKEM CEYLON PLC,56.0
E B Creasy and Company PLC,EBCR.N0000,Main Board,Capital Goods,Capital Goods,,https://www.cse.lk/pages/company-profile/company-profile.component.html?symbol=EBCR.N0000,active,https://www.cse.lk,2026-05-01,,,,EBCR,745,E B CREASY & COMPANY PLC,59.0
C. W. Mackie PLC,CWM.N0000,Main Board,Materials,Materials,,https://www.cse.lk/pages/company-profile/company-profile.component.html?symbol=CWM.N0000,active,https://www.cse.lk,2026-05-01,,,,CWM,765,C. W. MACKIE PLC,57.0
Laugfs Gas PLC,LGL.N0000,Main Board,Energy,Energy,,https://www.cse.lk/pages/company-profile/company-profile.component.html?symbol=LGL.N0000,active,https://www.cse.lk,2026-05-01,,,,LGL,1020,LAUGFS GAS PLC,60.0
Radiant Gems International PLC,RGEM.N0000,Main Board,Consumer Durables & Apparel,Consumer Durables & Apparel,,https://www.cse.lk/pages/company-profile/company-profile.component.html?symbol=RGEM.N0000,active,https://www.cse.lk,2026-05-01,,,,RGEM,770,RADIANT GEMS INTERNATIONAL PLC,61.0
Muller and Phipps (Ceylon) PLC,MULL.N0000,Main Board,Commercial & Professional Services,Commercial & Professional Services,,https://www.cse.lk/pages/company-profile/company-profile.component.html?symbol=MULL.N0000,active,https://www.cse.lk,2026-05-01,,,,MULL,763,MULLER AND PHIPPS (CEYLON) PLC,57.0
Good Hope PLC,GOOD.N0000,Main Board,Food Beverage & Tobacco,Food Beverage & Tobacco,,https://www.cse.lk/pages/company-profile/company-profile.component.html?symbol=GOOD.N0000,active,https://www.cse.lk,2026-05-01,,,,GOOD,459,GOOD HOPE  PLC,45.0
Indo-Malay PLC,INDO.N0000,Main Board,Food Beverage & Tobacco,Food Beverage & Tobacco,,https://www.cse.lk/pages/company-profile/company-profile.component.html?symbol=INDO.N0000,active,https://www.cse.lk,2026-05-01,,,,INDO,701,INDO MALAY  PLC,45.0
Selinsing PLC,SELI.N0000,Main Board,Food Beverage & Tobacco,Food Beverage & Tobacco,,https://www.cse.lk/pages/company-profile/company-profile.component.html?symbol=SELI.N0000,active,https://www.cse.lk,2026-05-01,5.0,6.0,MDL.N0000,SELI,702,SELINSING  PLC,47.0
Shalimar (Malay) PLC,SHAL.N0000,Main Board,Food Beverage & Tobacco,Food Beverage & Tobacco,,https://www.cse.lk/pages/company-profile/company-profile.component.html?symbol=SHAL.N0000,active,https://www.cse.lk,2026-05-01,,,,SHAL,703,SHALIMAR (MALAY)  PLC,45.0
Autodrome PLC,AUTO.N0000,Main Board,Retailing,Retailing,,https://www.cse.lk/pages/company-profile/company-profile.component.html?symbol=AUTO.N0000,active,https://www.cse.lk,2026-05-01,,,,AUTO,692,THE AUTODROME PLC,60.0
Lanka Ashok Leyland PLC,ASHO.N0000,Main Board,Capital Goods,Capital Goods,,https://www.cse.lk/pages/company-profile/company-profile.component.html?symbol=ASHO.N0000,active,https://www.cse.lk,2026-05-01,,,,ASHO,695,LANKA ASHOK LEYLAND PLC,59.0
Diesel & Motor Engineering PLC,DIMO.N0000,Main Board,Capital Goods,Capital Goods,,https://www.cse.lk/pages/company-profile/company-profile.component.html?symbol=DIMO.N0000,active,https://www.cse.lk,2026-05-01,,,,DIMO,694,DIESEL & MOTOR ENGINEERING PLC,67.0
Sathosa Motors PLC,SMOT.N0000,Main Board,Capital Goods,Capital Goods,,https://www.cse.lk/pages/company-profile/company-profile.component.html?symbol=SMOT.N0000,active,https://www.cse.lk,2026-05-01,,,,SMOT,696,SATHOSA MOTORS PLC,61.0
United Motors Lanka PLC,UML.N0000,Main Board,Capital Goods,Capital Goods,,https://www.cse.lk/pages/company-profile/company-profile.component.html?symbol=UML.N0000,active,https://www.cse.lk,2026-05-01,,,,UML,697,UNITED MOTORS LANKA PLC,58.0
C. M. Holdings PLC,CMH.N0000,Main Board,Capital Goods,Capital Goods,,https://www.cse.lk/pages/company-profile/company-profile.component.html?symbol=CMH.N0000,active,https://www.cse.lk,2026-05-01,,,,CMH,,,
R I L Property PLC,RIL.N0000,Main Board,Real Estate,Real Estate,,https://www.cse.lk/pages/company-profile/company-profile.component.html?symbol=RIL.N0000,active,https://www.cse.lk,2026-05-01,,,,RIL,1544,R I L PROPERTY PLC,49.0
Blue Diamonds Jewellery Worldwide PLC,BLUE.N0000,Main Board,Consumer Durables & Apparel,Consumer Durables & Apparel,,https://www.cse.lk/pages/company-profile/company-profile.component.html?symbol=BLUE.N0000,active,https://www.cse.lk,2026-05-01,,,,BLUE,663,BLUE DIAMONDS JEWELLERY WORLDWIDE PLC,57.0
Hunter & Company PLC,HUNT.N0000,Main Board,Retailing,Retailing,,https://www.cse.lk/pages/company-profile/company-profile.component.html?symbol=HUNT.N0000,active,https://www.cse.lk,2026-05-01,,,,HUNT,747,HUNTERS & COMPANY PLC,57.0
Ceylon Printers PLC,CPRT.N0000,Main Board,Commercial & Professional Services,Commercial & Professional Services,,https://www.cse.lk/pages/company-profile/company-profile.component.html?symbol=CPRT.N0000,active,https://www.cse.lk,2026-05-01,,,,CPRT,730,KERNER HAUS GLOBAL SOLUTIONS PLC,60.0
Paragon Ceylon PLC,PARA.N0000,Main Board,Commercial & Professional Services,Commercial & Professional Services,,https://www.cse.lk/pages/company-profile/company-profile.component.html?symbol=PARA.N0000,active,https://www.cse.lk,2026-05-01,,,,PARA,743,PARAGON CEYLON PLC,60.0
Gestetner of Ceylon PLC,GEST.N0000,Main Board,Commercial & Professional Services,Commercial & Professional Services,,https://www.cse.lk/pages/company-profile/company-profile.component.html?symbol=GEST.N0000,active,https://www.cse.lk,2026-05-01,,,,GEST,746,GESTETNER OF CEYLON PLC,56.0
Odel PLC,ODEL.N0000,Main Board,Retailing,Retailing,,https://www.cse.lk/pages/company-profile/company-profile.component.html?symbol=ODEL.N0000,active,https://www.cse.lk,2026-05-01,,,,ODEL,960,ODEL PLC,57.0
Eastern Merchants PLC,EMER.N0000,Main Board,Food Beverage & Tobacco,Food Beverage & Tobacco,,https://www.cse.lk/pages/company-profile/company-profile.component.html?symbol=EMER.N0000,active,https://www.cse.lk,2026-05-01,,,,EMER,767,EASTERN MERCHANTS PLC,56.0
Agstar PLC,AGST.N0000,Main Board,Materials,Materials,,https://www.cse.lk/pages/company-profile/company-profile.component.html?symbol=AGST.N0000,active,https://www.cse.lk,2026-05-01,,,,AGST,1121,AGSTAR PLC,59.0
Colombo City Holdings PLC,PHAR.N0000,Main Board,Real Estate,Real Estate,,https://www.cse.lk/pages/company-profile/company-profile.component.html?symbol=PHAR.N0000,active,https://www.cse.lk,2026-05-01,,,,PHAR,744,COLOMBO CITY HOLDINGS PLC,60.0
Cargo Boat Development Company PLC,CABO.N0000,Main Board,Real Estate,Real Estate,,https://www.cse.lk/pages/company-profile/company-profile.component.html?symbol=CABO.N0000,active,https://www.cse.lk,2026-05-01,,,,CABO,615,CARGO BOAT DEVELOPMENT COMPANY PLC,58.0
Renuka City Hotels PLC,RENU.N0000,Main Board,Consumer Services,Consumer Services,,https://www.cse.lk/pages/company-profile/company-profile.component.html?symbol=RENU.N0000,active,https://www.cse.lk,2026-05-01,,,,RENU,569,RENUKA CITY HOTEL PLC,56.0
Anilana Hotels and Properties PLC,ALHP.N0000,Main Board,Consumer Services,Consumer Services,,https://www.cse.lk/pages/company-profile/company-profile.component.html?symbol=ALHP.N0000,active,https://www.cse.lk,2026-05-01,,,,ALHP,1283,ANILANA HOTELS AND PROPERTIES PLC,64.0
Hotel Sigiriya PLC,HSIG.N0000,Main Board,Consumer Services,Consumer Services,,https://www.cse.lk/pages/company-profile/company-profile.component.html?symbol=HSIG.N0000,active,https://www.cse.lk,2026-05-01,,,,HSIG,544,HOTEL SIGIRIYA PLC,59.0
Bansei Royal Resorts Hikkaduwa PLC,BRR.N0000,Dirisavi Board,Consumer Services,Consumer Services,,https://www.cse.lk/pages/company-profile/company-profile.component.html?symbol=BRR.N0000,active,https://www.cse.lk,2026-05-01,,,,BRR,1322,BANSEI ROYAL RESORTS HIKKADUWA PLC,57.0
JAT Holdings PLC,JAT.N0000,Main Board,Materials,Materials,,https://www.cse.lk/pages/company-profile/company-profile.component.html?symbol=JAT.N0000,active,https://www.cse.lk,2026-05-01,,,,JAT,2353,JAT HOLDINGS PLC,27.0
hSenid Business Solutions PLC,HBS.N0000,Dirisavi Board,Software & Services,Software & Services,,https://www.cse.lk/pages/company-profile/company-profile.component.html?symbol=HBS.N0000,active,https://www.cse.lk,2026-05-01,,,,HBS,2652,HSENID BUSINESS SOLUTIONS PLC,25.0
UB Finance Company PLC,UBF.N0000,Dirisavi Board,Diversified Financials,Diversified Financials,,https://www.cse.lk/pages/company-profile/company-profile.component.html?symbol=UBF.N0000,active,https://www.cse.lk,2026-05-01,,,,UBF,2998,UB FINANCE PLC,19.0
Lanka Credit and Business Finance PLC,LCBF.N0000,Dirisavi Board,Diversified Financials,Diversified Financials,,https://www.cse.lk/pages/company-profile/company-profile.component.html?symbol=LCBF.N0000,active,https://www.cse.lk,2026-05-01,,,,LCBF,2512,LANKA CREDIT AND BUSINESS FINANCE PLC,31.0
Singer Finance (Lanka) PLC,SFIN.N0000,Main Board,Diversified Financials,Diversified Financials,,https://www.cse.lk/pages/company-profile/company-profile.component.html?symbol=SFIN.N0000,active,https://www.cse.lk,2026-05-01,,,,SFIN,1041,SINGER FINANCE (LANKA) PLC,67.0
Dialog Finance PLC,CALF.N0000,Dirisavi Board,Diversified Financials,Diversified Financials,,https://www.cse.lk/pages/company-profile/company-profile.component.html?symbol=CALF.N0000,active,https://www.cse.lk,2026-05-01,,,,CALF,1101,DIALOG FINANCE PLC,70.0
Standard Capital PLC,SING.N0000,Main Board,Real Estate,Real Estate,,https://www.cse.lk/pages/company-profile/company-profile.component.html?symbol=SING.N0000,active,https://www.cse.lk,2026-05-01,,,,SING,499,STANDARD CAPITAL PLC,55.0
Tess Agro PLC,TESS.N0000,Dirisavi Board,Food Beverage & Tobacco,Food Beverage & Tobacco,,https://www.cse.lk/pages/company-profile/company-profile.component.html?symbol=TESS.N0000,active,https://www.cse.lk,2026-05-01,,,,TESS,781,TESS AGRO PLC,60.0
Mahaweli Coconut Plantations PLC,MCPL.N0000,Dirisavi Board,Food Beverage & Tobacco,Food Beverage & Tobacco,,https://www.cse.lk/pages/company-profile/company-profile.component.html?symbol=MCPL.N0000,active,https://www.cse.lk,2026-05-01,,,,MCPL,1907,MAHAWELI COCONUT PLANTATIONS PLC,36.0
Laugfs Power PLC,LPL.N0000,Dirisavi Board,Utilities,Utilities,,https://www.cse.lk/pages/company-profile/company-profile.component.html?symbol=LPL.N0000,active,https://www.cse.lk,2026-05-01,,,,LPL,1930,LAUGFS POWER PLC,39.0
Kapruka Holdings PLC,KPHL.N0000,Main Board,Retailing,Retailing,,https://www.cse.lk/pages/company-profile/company-profile.component.html?symbol=KPHL.N0000,active,https://www.cse.lk,2026-05-01,,,,KPHL,2714,KAPRUKA HOLDINGS PLC,23.0
Seylan Developments PLC,CSD.N0000,Main Board,Real Estate,Real Estate,,https://www.cse.lk/pages/company-profile/company-profile.component.html?symbol=CSD.N0000,active,https://www.cse.lk,2026-05-01,,,,CSD,617,SEYLAN DEVELOPMENTS PLC,60.0
Property Development PLC,PDL.N0000,Main Board,Real Estate,Real Estate,,https://www.cse.lk/pages/company-profile/company-profile.component.html?symbol=PDL.N0000,active,https://www.cse.lk,2026-05-01,,,,PDL,629,PROPERTY DEVELOPMENT PLC,47.0
Colombo Investment Trust PLC,CIT.N0000,Main Board,Diversified Financials,Diversified Financials,,https://www.cse.lk/pages/company-profile/company-profile.component.html?symbol=CIT.N0000,active,https://www.cse.lk,2026-05-01,,,,CIT,610,COLOMBO INVESTMENT TRUST PLC,57.0
Colombo Fort Investments PLC,CFI.N0000,Main Board,Diversified Financials,Diversified Financials,,https://www.cse.lk/pages/company-profile/company-profile.component.html?symbol=CFI.N0000,active,https://www.cse.lk,2026-05-01,,,,CFI,609,COLOMBO FORT INVESTMENTS PLC,56.0
Ex-pack Corrugated Cartons PLC,PACK.N0000,Main Board,Materials,Materials,,https://www.cse.lk/pages/company-profile/company-profile.component.html?symbol=PACK.N0000,active,https://www.cse.lk,2026-05-01,,,,PACK,2511,EX-PACK CORRUGATED CARTONS PLC,29.0
Richard Pieris Exports PLC,REXP.N0000,Main Board,Capital Goods,Capital Goods,,https://www.cse.lk/pages/company-profile/company-profile.component.html?symbol=REXP.N0000,active,https://www.cse.lk,2026-05-01,,,,REXP,771,RICHARD PIERIS EXPORTS PLC,56.0
Mercantile Shipping Company PLC,MSL.N0000,Main Board,Transportation,Transportation,,https://www.cse.lk/pages/company-profile/company-profile.component.html?symbol=MSL.N0000,active,https://www.cse.lk,2026-05-01,,,,MSL,742,MERCANTILE SHIPPING COMPANY PLC,56.0
Aitken Spence Plantation Managements PLC,ASPM.N0000,Main Board,Food Beverage & Tobacco,Food Beverage & Tobacco,,https://www.cse.lk/pages/company-profile/company-profile.component.html?symbol=ASPM.N0000,active,https://www.cse.lk,2026-05-01,,,,ASPM,1267,AITKEN SPENCE PLANTATION MANAGEMENTS PLC,47.0
MTD Walkers PLC,KAPI.N0000,Main Board,Capital Goods,Capital Goods,,https://www.cse.lk/pages/company-profile/company-profile.component.html?symbol=KAPI.N0000,active,https://www.cse.lk,2026-05-01,,,,KAPI,444,MTD WALKERS PLC,36.0
Dilmah Ceylon Tea Company PLC,CTEA.N0000,Main Board,Food Beverage & Tobacco,Food Beverage & Tobacco,,https://www.cse.lk/pages/company-profile/company-profile.component.html?symbol=CTEA.N0000,active,https://www.cse.lk,2026-05-01,,,,CTEA,489,DILMAH CEYLON TEA COMPANY PLC,61.0
Colombo Dockyard PLC,DOCK.N0000,Main Board,Capital Goods,Capital Goods,,https://www.cse.lk/pages/company-profile/company-profile.component.html?symbol=DOCK.N0000,active,https://www.cse.lk,2026-05-01,,,,DOCK,442,COLOMBO DOCKYARD PLC,60.0
Swadeshi Industrial Works PLC,SWAD.N0000,Main Board,Household & Personal Products,Household & Personal Products,,https://www.cse.lk/pages/company-profile/company-profile.component.html?symbol=SWAD.N0000,active,https://www.cse.lk,2026-05-01,,,,SWAD,687,SWADESHI INDUSTRIAL WORKS PLC,58.0
Office Equipment PLC,OFEQ.N0000,Main Board,Commercial & Professional Services,Commercial & Professional Services,,https://www.cse.lk/pages/company-profile/company-profile.component.html?symbol=OFEQ.N0000,active,https://www.cse.lk,2026-05-01,,,,OFEQ,769,OFFICE EQUIPMENT PLC,60.0
Ceylon Hotels Corporation PLC,CHOT.N0000,Main Board,Consumer Services,Consumer Services,,https://www.cse.lk/pages/company-profile/company-profile.component.html?symbol=CHOT.N0000,active,https://www.cse.lk,2026-05-01,,,,CHOT,545,CEYLON HOTELS CORPORATION PLC,58.0
Kandy Hotels Company (1938) PLC,KHC.N0000,Main Board,Consumer Services,Consumer Services,,https://www.cse.lk/pages/company-profile/company-profile.component.html?symbol=KHC.N0000,active,https://www.cse.lk,2026-05-01,,,,KHC,547,THE KANDY HOTELS COMPANY (1938) PLC,58.0
ACL Plastics PLC,APLA.N0000,Main Board,Materials,Materials,,https://www.cse.lk/pages/company-profile/company-profile.component.html?symbol=APLA.N0000,active,https://www.cse.lk,2026-05-01,,,,APLA,643,ACL PLASTICS PLC,57.0
HVA Foods PLC,HVA.N0000,Dirisavi Board,Food Beverage & Tobacco,Food Beverage & Tobacco,,https://www.cse.lk/pages/company-profile/company-profile.component.html?symbol=HVA.N0000,active,https://www.cse.lk,2026-05-01,6.0,6.0,,HVA,1046,HVA FOODS PLC,58.0
Lankem Developments PLC,LDEV.N0000,Main Board,Food Beverage & Tobacco,Food Beverage & Tobacco,,https://www.cse.lk/pages/company-profile/company-profile.component.html?symbol=LDEV.N0000,active,https://www.cse.lk,2026-05-01,,,,LDEV,446,LANKEM DEVELOPMENTS PLC,56.0
Central Industries PLC,CIND.N0000,Main Board,Capital Goods,Capital Goods,,https://www.cse.lk/pages/company-profile/company-profile.component.html?symbol=CIND.N0000,active,https://www.cse.lk,2026-05-01,,,,CIND,665,CENTRAL INDUSTRIES PLC,56.0
Laxapana Batteries PLC,LITE.N0000,Main Board,Capital Goods,Capital Goods,,https://www.cse.lk/pages/company-profile/company-profile.component.html?symbol=LITE.N0000,active,https://www.cse.lk,2026-05-01,,,,LITE,498,LAXAPANA PLC,57.0
Mackwoods Energy PLC,MEL.N0000,Dirisavi Board,Utilities,Utilities,,https://www.cse.lk/pages/company-profile/company-profile.component.html?symbol=MEL.N0000,active,https://www.cse.lk,2026-05-01,,,,MEL,1161,GREENTECH ENERGY PLC,56.0
Tea Smallholder Factories PLC,TSML.N0000,Main Board,Food Beverage & Tobacco,Food Beverage & Tobacco,,https://www.cse.lk/pages/company-profile/company-profile.component.html?symbol=TSML.N0000,active,https://www.cse.lk,2026-05-01,,,,TSML,490,TEA SMALLHOLDER FACTORIES PLC,60.0
Alpha Fire Services PLC,AFS.N0000,Empower Board,Commercial & Professional Services,Commercial & Professional Services,,https://www.cse.lk/pages/company-profile/company-profile.component.html?symbol=AFS.N0000,active,https://www.cse.lk,2026-05-01,,,,AFS,2774,ALPHA FIRE SERVICES PLC,20.0
E M L Consultants PLC,EML.N0000,Empower Board,Commercial & Professional Services,Commercial & Professional Services,,https://www.cse.lk/pages/company-profile/company-profile.component.html?symbol=EML.N0000,active,https://www.cse.lk,2026-05-01,,,,EML,2386,E M L CONSULTANTS PLC,24.0
Luminex PLC,LUMX.N0000,Empower Board,Capital Goods,Capital Goods,,https://www.cse.lk/pages/company-profile/company-profile.component.html?symbol=LUMX.N0000,active,https://www.cse.lk,2026-05-01,,,,LUMX,2790,LUMINEX PLC,28.0
Unisyst Engineering PLC,ALUF.N0000,Main Board,Capital Goods,Capital Goods,,https://www.cse.lk/pages/company-profile/company-profile.component.html?symbol=ALUF.N0000,active,https://www.cse.lk,2026-05-01,,,,ALUF,689,UNISYST ENGINEERING PLC,48.0
Softlogic Capital PLC,SCAP.N0000,Main Board,Diversified Financials,Diversified Financials,,https://www.cse.lk/pages/company-profile/company-profile.component.html?symbol=SCAP.N0000,active,https://www.cse.lk,2026-05-01,,,,SCAP,1100,SOFTLOGIC CAPITAL PLC,64.0
Serendib Engineering Group PLC,IDL.N0000,Dirisavi Board,Capital Goods,Capital Goods,,https://www.cse.lk/pages/company-profile/company-profile.component.html?symbol=IDL.N0000,active,https://www.cse.lk,2026-05-01,,,,IDL,624,SERENDIB ENGINEERING GROUP PLC,56.0
Union Chemicals Lanka PLC,UCAR.N0000,Main Board,Materials,Materials,,https://www.cse.lk/pages/company-profile/company-profile.component.html?symbol=UCAR.N0000,active,https://www.cse.lk,2026-05-01,,,,UCAR,500,UNION CHEMICALS LANKA PLC,57.0
Cargills Bank PLC,CBNK.N0000,Main Board,Banks,Banks,,https://www.cse.lk/pages/company-profile/company-profile.component.html?symbol=CBNK.N0000,active,https://www.cse.lk,2026-05-01,,,,CBNK,,,
Cable Solutions PLC,CSOL.N0000,Dirisavi Board,Capital Goods,Capital Goods,,https://www.cse.lk/pages/company-profile/company-profile.component.html?symbol=CSOL.N0000,active,https://www.cse.lk,2026-05-01,,,,CSOL,,,
Maharaja Foods PLC,MFP.N0000,Empower Board,Food Beverage & Tobacco,Food Beverage & Tobacco,,https://www.cse.lk/pages/company-profile/company-profile.component.html?symbol=MFP.N0000,active,https://www.cse.lk,2026-05-01,,,,MFP,,,
Morison PLC,MORI.N0000,Main Board,"Pharmaceuticals, Biotechnology & Life Sciences","Pharmaceuticals, Biotechnology & Life Sciences",,https://www.cse.lk/pages/company-profile/company-profile.component.html?symbol=MORI.N0000,active,https://www.cse.lk,2026-05-01,,,,MORI,496,MORISON PLC,29.0
