edge_id,source_node_id,target_node_id,relationship_type,ownership_percentage,share_count,source_url,confidence,report_company,report_symbol,data_source_date,evidence,needs_review
afbe0034454ca74175444cf19b475a8a,COMPANY::ACAP,UNLISTED_COMPANY::54e6548c47,SUBSIDIARY_OF,,,https://cdn.cse.lk/cmt/upload_report_file/363_1757388590473.pdf,0.95,ASIA CAPITAL PLC,ACAP,2025-03-31,subsidiaries,True
50c3e02c096b652c7ce3abb6b9d90be4,COMPANY::ACAP,UNLISTED_COMPANY::2938abde9b,SUBSIDIARY_OF,,,https://cdn.cse.lk/cmt/upload_report_file/363_1757388590473.pdf,0.95,ASIA CAPITAL PLC,ACAP,2025-03-31,subsidiaries,True
cce59a1be9b467a14a371e2216d15c65,COMPANY::ATL,COMPANY::ATLL,SUBSIDIARY_OF,,,https://cdn.cse.lk/cmt/upload_report_file/361_1755254849343.06.2025%20-%20with%20names.pdf,0.9,AMANA TAKAFUL PLC,ATL,2025-06-30,subsidiaries,True
0924edc9ad93be40f24977fdc80f8414,PERSON::8fd06f7619,COMPANY::LOLC,OWNS,,,https://www.lolc.com/,0.9,LOLC HOLDINGS PLC,LOLC,2024-03-31,major_shareholders,True
00cf74d506e76760b4b2c75aaaa96eb9,COMPANY::LOLC,COMPANY::LOFC,SUBSIDIARY_OF,,,https://www.lolc.com/,0.9,LOLC HOLDINGS PLC,LOLC,2024-03-31,subsidiaries,True
f22ee2a13832cce96e5ffc200af3d54e,COMPANY::LOLC,COMPANY::BRWN,SUBSIDIARY_OF,,,https://www.lolc.com/,0.9,LOLC HOLDINGS PLC,LOLC,2024-03-31,subsidiaries,True
1ddc1a32973f600676ac3201f7e9cda7,COMPANY::CFIN,COMPANY::CIND,SUBSIDIARY_OF,,,https://www.centralfinance.lk/,0.85,CENTRAL FINANCE COMPANY PLC,CFIN,2024-03-31,subsidiaries,True
18750718b031599afe4c13c48d6b7f89,COMPANY::CFIN,COMPANY::NTB,ASSOCIATE_OF,19.9,,https://www.centralfinance.lk/,0.85,CENTRAL FINANCE COMPANY PLC,CFIN,2024-03-31,associate_companies,True
0f9f5017ce4af281da2845c542631a6a,COMPANY::DFCC,UNLISTED_COMPANY::5d57ae6313,SUBSIDIARY_OF,,,https://www.dfcc.lk/,0.9,DFCC BANK PLC,DFCC,2024-12-31,subsidiaries,True
f588071bb3fa9c2fad9b976d659de962,COMPANY::ASCO,UNLISTED_COMPANY::58cdeaee45,SUBSIDIARY_OF,,,https://www.lankarealty.com/,0.8,LANKA REALTY INVESTMENTS PLC,ASCO,2024-03-31,subsidiaries,True
a4c73025cabd7236622770236a8bf935,UNLISTED_COMPANY::9e1baf39bd,COMPANY::PMB,OWNS,,,https://www.peoplesmerchant.lk/,0.8,PMF FINANCE PLC,PMB,2024-03-31,major_shareholders,True
9bcd0818712f8aa80fadc76c40b5d4b1,UNLISTED_COMPANY::9e1baf39bd,COMPANY::PMB,PARENT_OF,,,https://www.peoplesmerchant.lk/,0.8,PMF FINANCE PLC,PMB,2024-03-31,parent_company,True
7f60d8c3fc4497221d20a619af2100fb,COMPANY::BFL,UNLISTED_COMPANY::f770037e78,ASSOCIATE_OF,50.0,,https://www.bairaha.com/,0.85,BAIRAHA FARMS PLC,BFL,2024-03-31,associate_companies,True
f7615eb7287dda389918e42ddc19e9d7,COMPANY::BUKI,COMPANY::CARS,SUBSIDIARY_OF,,,https://www.carsoncumberbatch.com/,0.9,BUKIT DARAH PLC,BUKI,2024-03-31,subsidiaries,True
e442468cb88837b1e59b6cdfc4fc8bc9,COMPANY::VLL,UNLISTED_COMPANY::de89bb249b,SUBSIDIARY_OF,,,https://www.vidullanka.com/,0.85,VIDULLANKA PLC,VLL,2024-03-31,subsidiaries,True
84dd59235b39229ca0890248d8140a5c,COMPANY::SEYB,COMPANY::CSD,SUBSIDIARY_OF,,,https://www.seylan.lk/,0.9,SEYLAN BANK PLC,SEYB,2024-12-31,subsidiaries,True
accb7b382eb74a2f41c62a139af68120,COMPANY::CARG,COMPANY::CBNK,SUBSIDIARY_OF,,,https://www.cargillsceylon.com/,0.95,CARGILLS (CEYLON) PLC,CARG,2024-03-31,subsidiaries,True
1058f78f2474a06c60052c69db2a7c45,COMPANY::CARS,LISTED_COMPANY::d945d56fd2,OWNS,,,https://www.carsoncumberbatch.com/,0.95,CEYLON BEVERAGE HOLDINGS PLC,BREW,2024-03-31,major_shareholders,True
ef1f18050e211a9d1c6d913f0dac2896,COMPANY::CARS,LISTED_COMPANY::d945d56fd2,PARENT_OF,,,https://www.carsoncumberbatch.com/,0.95,CEYLON BEVERAGE HOLDINGS PLC,BREW,2024-03-31,parent_company,True
a1f05c9a5fa38405d220d8d855842e18,PERSON::f63592967d,COMPANY::KAPI,PARENT_OF,,,https://www.cse.lk/,0.8,MTD WALKERS PLC,KAPI,2024-03-31,parent_company,True
c213453964646da836465ace9d886caf,COMPANY::LCEY,COMPANY::LDEV,OWNS,,,https://www.lankem.lk/,0.9,LANKEM DEVELOPMENTS PLC,LDEV,2024-03-31,major_shareholders,True
1382d658722a5562604ab2788256ede3,COMPANY::LCEY,COMPANY::LDEV,PARENT_OF,,,https://www.lankem.lk/,0.9,LANKEM DEVELOPMENTS PLC,LDEV,2024-03-31,parent_company,True
21ae527fe5379ec0a96238918cc09303,UNLISTED_COMPANY::38fe0d86bf,COMPANY::GOOD,OWNS,,,https://www.goodhopeholdings.com/,0.9,GOOD HOPE PLC,GOOD,2024-03-31,major_shareholders,True
d599b5782304fb6e5b470585f0964300,UNLISTED_COMPANY::38fe0d86bf,COMPANY::GOOD,PARENT_OF,,,https://www.goodhopeholdings.com/,0.9,GOOD HOPE PLC,GOOD,2024-03-31,parent_company,True
02d6815848361251ea804c5f70fec646,COMPANY::COCO,COMPANY::RAL,SUBSIDIARY_OF,,,https://www.renukagroup.com/,0.9,RENUKA FOODS PLC,COCO,2024-03-31,subsidiaries,True
5f202cc90a3c6da0ef06beabfae46bbc,UNLISTED_COMPANY::33761fe166,COMPANY::LAMB,OWNS,,,https://www.cargillsceylon.com/,0.95,KOTMALE HOLDINGS PLC,LAMB,2024-03-31,major_shareholders,True
96703e85d531d25629f4af433f9cf4d1,UNLISTED_COMPANY::33761fe166,COMPANY::LAMB,PARENT_OF,,,https://www.cargillsceylon.com/,0.95,KOTMALE HOLDINGS PLC,LAMB,2024-03-31,parent_company,True
001880fb6d0f8b32cff1c47a08aa502d,UNLISTED_COMPANY::b1f47aaa31,COMPANY::LMF,OWNS,,,https://www.lmfgroup.lk/,0.9,LANKA MILK FOODS (CWE) PLC,LMF,2024-03-31,major_shareholders,True
08234d34a305b0f99b407c5297fe4358,UNLISTED_COMPANY::b1f47aaa31,COMPANY::LMF,PARENT_OF,,,https://www.lmfgroup.lk/,0.9,LANKA MILK FOODS (CWE) PLC,LMF,2024-03-31,parent_company,True
d521bb62a1bd43d645a27b90302323cf,COMPANY::EBCR,COMPANY::LITE,OWNS,,,https://www.ebcreasy.com/,0.9,LAXAPANA PLC,LITE,2024-03-31,major_shareholders,True
93b3da45fbea696dba95dce7838e0058,COMPANY::EBCR,COMPANY::LITE,PARENT_OF,,,https://www.ebcreasy.com/,0.9,LAXAPANA PLC,LITE,2024-03-31,parent_company,True
546f2f98a3f66ab721e9b55ee5c11648,COMPANY::CFLD,COMPANY::LCEY,OWNS,,,https://www.lankem.lk/,0.95,LANKEM CEYLON PLC,LCEY,2024-03-31,major_shareholders,True
fbc475415dbffcb9d7f5601992b84f8b,COMPANY::CFLD,COMPANY::LCEY,PARENT_OF,,,https://www.lankem.lk/,0.95,LANKEM CEYLON PLC,LCEY,2024-03-31,parent_company,True
ee2b3e830961323f15e7a634055962c3,COMPANY::LCEY,COMPANY::LDEV,SUBSIDIARY_OF,,,https://www.lankem.lk/,0.95,LANKEM CEYLON PLC,LCEY,2024-03-31,subsidiaries,True
8e46a49890ee3be2640606bd7f33dd8b,COMPANY::CARS,LISTED_COMPANY::d945d56fd2,SUBSIDIARY_OF,,,https://www.carsoncumberbatch.com/,0.98,CARSON CUMBERBATCH PLC,CARS,2024-03-31,subsidiaries,True
192be4e9862b4537f543a263cb448921,COMPANY::CARS,COMPANY::GOOD,SUBSIDIARY_OF,,,https://www.carsoncumberbatch.com/,0.98,CARSON CUMBERBATCH PLC,CARS,2024-03-31,subsidiaries,True
c88aac5d34b3109282beb0ccd8bb52ad,UNLISTED_COMPANY::8115cfabce,COMPANY::SUN,OWNS,,,https://www.sunshineholdings.lk/,0.9,SUNSHINE HOLDINGS PLC,SUN,2024-03-31,major_shareholders,True
28b1cd949f79ba4ff3f314adaed8df19,PERSON::7e4e67a231,COMPANY::RICH,OWNS,,,https://www.arpico.com/,0.95,RICHARD PIERIS AND COMPANY PLC,RICH,2024-03-31,major_shareholders,True
2aa4d08a9ed31ff2d213e901a118f55a,COMPANY::RICH,COMPANY::KGAL,SUBSIDIARY_OF,,,https://www.arpico.com/,0.95,RICHARD PIERIS AND COMPANY PLC,RICH,2024-03-31,subsidiaries,True
f76fde9a9d0b01c41f6d7b3927639a31,UNLISTED_COMPANY::f1173c7851,COMPANY::JKH,OWNS,,,https://www.keells.com/,0.98,JOHN KEELLS HOLDINGS PLC,JKH,2024-03-31,major_shareholders,True
0929b662f06f1f82bbeefccc65cd9c67,LISTED_COMPANY::65644de5c1,COMPANY::LCEY,SUBSIDIARY_OF,,,https://www.cflb.lk/,0.9,THE COLOMBO FORT LAND & BUILDING PLC,CFLB,2024-03-31,subsidiaries,True
e28054399a583e4824d2ea76c5a97d16,COMPANY::HAYL,COMPANY::DIPD,SUBSIDIARY_OF,,,https://www.hayleys.com/,0.99,HAYLEYS PLC,HAYL,2024-03-31,subsidiaries,True
3d9cba68bb0972615fe4efd711712d2c,COMPANY::SHL,COMPANY::ASIR,OWNS,,,https://www.asirihealth.com/,0.95,ASIRI HOSPITAL HOLDINGS PLC,ASIR,2024-03-31,major_shareholders,True
c6a1efeecd3b16b7933ddcf052712db8,COMPANY::SHL,COMPANY::ASIR,PARENT_OF,,,https://www.asirihealth.com/,0.95,ASIRI HOSPITAL HOLDINGS PLC,ASIR,2024-03-31,parent_company,True
3e65e839d519caca4202ee72a43593f6,COMPANY::ASIR,COMPANY::AMSL,SUBSIDIARY_OF,,,https://www.asirihealth.com/,0.95,ASIRI HOSPITAL HOLDINGS PLC,ASIR,2024-03-31,subsidiaries,True
75bbe9a183042ec2304f57e19f9cd1db,COMPANY::ASIR,COMPANY::AMSL,OWNS,,,https://www.asirihealth.com/,0.95,ASIRI SURGICAL HOSPITAL PLC,AMSL,2024-03-31,major_shareholders,True
a1645dcdd478c7ea406440b1d8b52efc,COMPANY::ASIR,COMPANY::AMSL,PARENT_OF,,,https://www.asirihealth.com/,0.95,ASIRI SURGICAL HOSPITAL PLC,AMSL,2024-03-31,parent_company,True
1f00f0dc433b7f05251bfe27ae12bb15,COMPANY::BIL,COMPANY::PALM,OWNS,,,https://www.brownshotels.com/,0.95,PALM GARDEN HOTELS PLC,PALM,2024-03-31,major_shareholders,True
7fad5f718508073acff4d787175f1155,COMPANY::BIL,COMPANY::PALM,PARENT_OF,,,https://www.brownshotels.com/,0.95,PALM GARDEN HOTELS PLC,PALM,2024-03-31,parent_company,True
2f8db408b69243d5e0f0d1c2b4475e8a,COMPANY::PALM,COMPANY::EDEN,SUBSIDIARY_OF,,,https://www.brownshotels.com/,0.95,PALM GARDEN HOTELS PLC,PALM,2024-03-31,subsidiaries,True
1e2bdbaf1062c58e0b4f4060d58ad500,COMPANY::PALM,COMPANY::EDEN,OWNS,,,https://www.brownshotels.com/,0.95,EDEN HOTEL LANKA PLC,EDEN,2024-03-31,major_shareholders,True
22f9eb064d6071dc4a0857e9ed323e07,COMPANY::PALM,COMPANY::EDEN,PARENT_OF,,,https://www.brownshotels.com/,0.95,EDEN HOTEL LANKA PLC,EDEN,2024-03-31,parent_company,True
2d9d7aa03d2aafc20361922ca661ac6d,COMPANY::MELS,COMPANY::BBH,OWNS,,,https://www.cse.lk/,0.9,BROWNS BEACH HOTELS PLC,BBH,2024-03-31,major_shareholders,True
07d072deaf5900167ab393d32b50736f,COMPANY::MELS,COMPANY::BBH,PARENT_OF,,,https://www.cse.lk/,0.9,BROWNS BEACH HOTELS PLC,BBH,2024-03-31,parent_company,True
0f7599e76036ec881fd5f8ef01ac2aab,COMPANY::HAYL,COMPANY::CONN,OWNS,,,https://www.hayleys.com/,0.9,HAYLEYS LEISURE PLC,CONN,2024-03-31,major_shareholders,True
871de6798168b878dde0cae4a945880c,COMPANY::HAYL,COMPANY::CONN,PARENT_OF,,,https://www.hayleys.com/,0.9,HAYLEYS LEISURE PLC,CONN,2024-03-31,parent_company,True
7f3facac7b6033ecab352ba71a7a6728,COMPANY::CONN,COMPANY::SERV,SUBSIDIARY_OF,,,https://www.hayleys.com/,0.9,HAYLEYS LEISURE PLC,CONN,2024-03-31,subsidiaries,True
3432018c36b28a4c7369a568959c04ef,COMPANY::VONE,LISTED_COMPANY::7dbf8df891,OWNS,,,https://www.fortressresortandspa.com/,0.85,THE FORTRESS RESORTS PLC,RHTL,2024-03-31,major_shareholders,True
56256deab17eb40f4e7739d02f8b32a3,COMPANY::VONE,LISTED_COMPANY::7dbf8df891,PARENT_OF,,,https://www.fortressresortandspa.com/,0.85,THE FORTRESS RESORTS PLC,RHTL,2024-03-31,parent_company,True
871584e67a567bf8130a12acb45a1cf4,COMPANY::CONN,COMPANY::SERV,OWNS,,,https://www.thekingsburyhotel.com/,0.95,THE KINGSBURY PLC,SERV,2024-03-31,major_shareholders,True
b4170c0080ce2ce5c037a70222bb4771,COMPANY::CONN,COMPANY::SERV,PARENT_OF,,,https://www.thekingsburyhotel.com/,0.95,THE KINGSBURY PLC,SERV,2024-03-31,parent_company,True
a5a230ec8fd8ed062f08246dde3f4d43,COMPANY::BIL,COMPANY::HSIG,OWNS,,,https://www.brownshotels.com/,0.9,HOTEL SIGIRIYA PLC,HSIG,2024-03-31,major_shareholders,True
66c37b5c764c4e7f9ac8d0c799b2b2bb,COMPANY::BIL,COMPANY::HSIG,PARENT_OF,,,https://www.brownshotels.com/,0.9,HOTEL SIGIRIYA PLC,HSIG,2024-03-31,parent_company,True
3d9ea91043de5e1921daf8c0f80a7253,UNLISTED_COMPANY::bd97edb4dc,COMPANY::CHOT,OWNS,,,https://www.chc.lk/,0.9,CEYLON HOTELS CORPORATION PLC,CHOT,2024-03-31,major_shareholders,True
1e91ec79789800944088fa537b3d0ac6,PERSON::5c928988ad,COMPANY::CHOT,PARENT_OF,,,https://www.chc.lk/,0.9,CEYLON HOTELS CORPORATION PLC,CHOT,2024-03-31,parent_company,True
2729b3ec8a508c5455719361e23ce550,COMPANY::CHOT,COMPANY::KHC,SUBSIDIARY_OF,,,https://www.chc.lk/,0.9,CEYLON HOTELS CORPORATION PLC,CHOT,2024-03-31,subsidiaries,True
18fb4076a8b0a5502c4f1bd62a1e62ae,UNLISTED_COMPANY::cfa49ca659,COMPANY::HUNA,OWNS,,,https://www.cse.lk/,0.8,HUNAS HOLDINGS PLC,HUNA,2024-03-31,major_shareholders,True
4baa69d9e77800cf9a00d3ebbfa1ec58,PERSON::c1aaa8535c,COMPANY::HUNA,PARENT_OF,,,https://www.cse.lk/,0.8,HUNAS HOLDINGS PLC,HUNA,2024-03-31,parent_company,True
c55f64246efc3aab64e9c8ec9b43f4b4,COMPANY::CHOT,COMPANY::KHC,OWNS,,,https://www.chc.lk/,0.95,THE KANDY HOTELS COMPANY (1938) PLC,KHC,2024-03-31,major_shareholders,True
c23e3a5d2af0a16b8badb44f1bf933e1,COMPANY::CHOT,COMPANY::KHC,PARENT_OF,,,https://www.chc.lk/,0.95,THE KANDY HOTELS COMPANY (1938) PLC,KHC,2024-03-31,parent_company,True
ec2ca534d9c16915cb0e54bcdcb13478,UNLISTED_COMPANY::d29299313a,COMPANY::LHL,OWNS,,,https://www.jetwinghotels.com/,0.95,THE LIGHTHOUSE HOTEL PLC,LHL,2024-03-31,major_shareholders,True
d0a5ff7381562eba45c449b363fd50bc,UNLISTED_COMPANY::d29299313a,COMPANY::LHL,PARENT_OF,,,https://www.jetwinghotels.com/,0.95,THE LIGHTHOUSE HOTEL PLC,LHL,2024-03-31,parent_company,True
24919dbca6ad62291c7c8026aa8d8de5,COMPANY::KHL,COMPANY::TRAN,SUBSIDIARY_OF,,,https://www.cinnamonhotels.com/,0.95,JOHN KEELLS HOTELS PLC,KHL,2024-03-31,subsidiaries,True
8cb1a5649912cd76341e7cd132c0a32e,COMPANY::KHL,COMPANY::AHPL,SUBSIDIARY_OF,,,https://www.cinnamonhotels.com/,0.95,JOHN KEELLS HOTELS PLC,KHL,2024-03-31,subsidiaries,True
e08b7a7f0c06e94d54d11798e37fea9e,COMPANY::MERC,COMPANY::NEH,OWNS,,,https://www.grandhotelnuwaraeliya.com/,0.9,THE NUWARA ELIYA HOTELS COMPANY PLC,NEH,2024-03-31,major_shareholders,True
71ee9e53df887766512f7ab70993f2a1,COMPANY::MERC,COMPANY::NEH,PARENT_OF,,,https://www.grandhotelnuwaraeliya.com/,0.9,THE NUWARA ELIYA HOTELS COMPANY PLC,NEH,2024-03-31,parent_company,True
315b4e73262db504c3ea0c6242e57c16,UNLISTED_COMPANY::6e2ecfc7f6,COMPANY::LALU,OWNS,,,https://www.aluminium.lk/,0.85,LANKA ALUMINIUM INDUSTRIES PLC,LALU,2024-03-31,major_shareholders,True
ab18e22d3725b28112346cdce3bd70ab,UNLISTED_COMPANY::6e2ecfc7f6,COMPANY::LALU,PARENT_OF,,,https://www.aluminium.lk/,0.85,LANKA ALUMINIUM INDUSTRIES PLC,LALU,2024-03-31,parent_company,True
633b15a5b962b99fc38621f5eb87b018,UNLISTED_COMPANY::2a6ddfe1ab,COMPANY::CARE,OWNS,,,https://printcare.lk/,0.9,PRINTCARE PLC,CARE,2024-03-31,major_shareholders,True
409eeb15f21cde53ae12ef11423e0ff2,UNLISTED_COMPANY::2a6ddfe1ab,COMPANY::CARE,PARENT_OF,,,https://printcare.lk/,0.9,PRINTCARE PLC,CARE,2024-03-31,parent_company,True
aa3bf9dff7a933518eed0d343428305c,COMPANY::BRWN,COMPANY::SIRA,OWNS,,,https://sierracables.com/,0.9,SIERRA CABLES PLC,SIRA,2024-03-31,major_shareholders,True
0cfa2a75c2ecfaebf77ead56a9d0856d,COMPANY::BRWN,COMPANY::SIRA,PARENT_OF,,,https://sierracables.com/,0.9,SIERRA CABLES PLC,SIRA,2024-03-31,parent_company,True
b872d3980848010007d2f895e2d051ec,PERSON::536e71c8a2,COMPANY::SWAD,OWNS,,,https://swadeshiherbal.com/,0.9,SWADESHI INDUSTRIAL WORKS PLC,SWAD,2024-03-31,major_shareholders,True
5858b0e331711fd201af2eea8b08dd33,UNLISTED_COMPANY::60b0af7c5e,LISTED_COMPANY::bd28f054ab,OWNS,,,https://www.samsonint.com/,0.95,SAMSON INTERNATIONAL PLC,SIL,2024-03-31,major_shareholders,True
16527898c4db00f48ff7fbdd06e5fab8,PERSON::40e3056cf3,LISTED_COMPANY::bd28f054ab,PARENT_OF,,,https://www.samsonint.com/,0.95,SAMSON INTERNATIONAL PLC,SIL,2024-03-31,parent_company,True
dcf0868acc9c8a74f3134d09ba1e2ac0,UNLISTED_COMPANY::b799d32e38,COMPANY::ALUF,OWNS,,,https://www.hayleys.com/,0.9,UNISYST ENGINEERING PLC,ALUF,2024-03-31,major_shareholders,True
c8f613c945fd41f0519404ca02ffd1a8,UNLISTED_COMPANY::b799d32e38,COMPANY::ALUF,PARENT_OF,,,https://www.hayleys.com/,0.9,UNISYST ENGINEERING PLC,ALUF,2024-03-31,parent_company,True
e6e1aa242f477b10c32552c1f8635c44,UNLISTED_COMPANY::38fe0d86bf,COMPANY::INDO,OWNS,,,https://www.goodhopeholdings.com/,0.9,INDO MALAY PLC,INDO,2024-03-31,major_shareholders,True
0d8986c1f073a4153d073665f8479978,UNLISTED_COMPANY::38fe0d86bf,COMPANY::INDO,PARENT_OF,,,https://www.goodhopeholdings.com/,0.9,INDO MALAY PLC,INDO,2024-03-31,parent_company,True
def2acf5c14309fef88c7f42f66221bf,UNLISTED_COMPANY::38fe0d86bf,COMPANY::SELI,OWNS,,,https://www.goodhopeholdings.com/,0.9,SELINSING PLC,SELI,2024-03-31,major_shareholders,True
a53f47dfd89e7ca4a75a141ee9e6c272,UNLISTED_COMPANY::38fe0d86bf,COMPANY::SELI,PARENT_OF,,,https://www.goodhopeholdings.com/,0.9,SELINSING PLC,SELI,2024-03-31,parent_company,True
accf7145c13feb140851523cb5f472e8,UNLISTED_COMPANY::6dd3834383,LISTED_COMPANY::e6b70dfd09,PARENT_OF,,,https://www.cse.lk/,0.8,C M HOLDINGS PLC,COLO,2024-03-31,parent_company,True
9e36f4aa46601829ad1ed586933d43b0,UNLISTED_COMPANY::38fe0d86bf,COMPANY::SHAL,OWNS,,,https://www.goodhopeholdings.com/,0.9,SHALIMAR (MALAY) PLC,SHAL,2024-03-31,major_shareholders,True
cbeda9ea213259a12fbf9fcd70d4e7ee,UNLISTED_COMPANY::38fe0d86bf,COMPANY::SHAL,PARENT_OF,,,https://www.goodhopeholdings.com/,0.9,SHALIMAR (MALAY) PLC,SHAL,2024-03-31,parent_company,True
51a7bcd5df6789399767a61057b69bbf,UNLISTED_COMPANY::d00f3be584,COMPANY::BOPL,OWNS,,,https://bogawantalawa.com/,0.85,BOGAWANTALAWA TEA ESTATES PLC,BOPL,2024-03-31,major_shareholders,True
ec92d8cafd93a82728b55fe0597a200e,UNLISTED_COMPANY::d00f3be584,COMPANY::BOPL,PARENT_OF,,,https://bogawantalawa.com/,0.85,BOGAWANTALAWA TEA ESTATES PLC,BOPL,2024-03-31,parent_company,True
43b0edf12fa3d4a555e876c70471765f,UNLISTED_COMPANY::4e43265794,COMPANY::AGAL,OWNS,,,https://www.cse.lk/,0.9,AGALAWATTE PLANTATIONS PLC,AGAL,2024-03-31,major_shareholders,True
069ba993109ac5d7b41e353f3da54ad9,PERSON::13dbf66c95,COMPANY::AGAL,PARENT_OF,,,https://www.cse.lk/,0.9,AGALAWATTE PLANTATIONS PLC,AGAL,2024-03-31,parent_company,True
e7ff907f93f5842f4b1d68cd2830b3de,COMPANY::RIL,COMPANY::UML,OWNS,,,https://www.unitedmotors.lk/,0.95,UNITED MOTORS LANKA PLC,UML,2024-03-31,major_shareholders,True
865dd13bc426b88096ec430b2c7f5557,COMPANY::RIL,COMPANY::UML,PARENT_OF,,,https://www.unitedmotors.lk/,0.95,UNITED MOTORS LANKA PLC,UML,2024-03-31,parent_company,True
172fcb174fd1a061bcfba10dc907a20f,UNLISTED_COMPANY::8e1e76f188,COMPANY::DIMO,OWNS,,,https://www.dimolanka.com/,0.9,DIESEL & MOTOR ENGINEERING PLC,DIMO,2024-03-31,major_shareholders,True
84089245d68394f998272b692a9287f1,COMPANY::CFVF,COMPANY::FCT,SUBSIDIARY_OF,,,https://firstcapital.lk/,0.98,FIRST CAPITAL HOLDINGS PLC,CFVF,2024-03-31,subsidiaries,True
f27f954021391a34d926f5e3fddde82a,COMPANY::MELS,COMPANY::BALA,OWNS,,,https://www.melstacorp.com/,0.9,BALANGODA PLANTATIONS PLC,BALA,2024-03-31,major_shareholders,True
20f24f42b89953d0185ffb043aa61782,COMPANY::MELS,COMPANY::BALA,PARENT_OF,,,https://www.melstacorp.com/,0.9,BALANGODA PLANTATIONS PLC,BALA,2024-03-31,parent_company,True
c21a35cb35e3268922e6a5f6225d37b4,UNLISTED_COMPANY::41df0b4003,COMPANY::KGAL,OWNS,,,https://www.arpico.com/,0.95,KEGALLE PLANTATIONS PLC,KGAL,2024-03-31,major_shareholders,True
fc9303c47ce2f39175028f352b9685d1,UNLISTED_COMPANY::41df0b4003,COMPANY::KGAL,PARENT_OF,,,https://www.arpico.com/,0.95,KEGALLE PLANTATIONS PLC,KGAL,2024-03-31,parent_company,True
abd0a759804f4f0bf3627fd372d2db88,UNLISTED_COMPANY::aa769400ad,COMPANY::HAPU,OWNS,,,https://www.cse.lk/,0.9,HAPUGASTENNE PLANTATIONS PLC,HAPU,2024-03-31,major_shareholders,True
1976a127124f1e29719981636ed66b28,PERSON::f1f3bd9f9e,COMPANY::HAPU,PARENT_OF,,,https://www.cse.lk/,0.9,HAPUGASTENNE PLANTATIONS PLC,HAPU,2024-03-31,parent_company,True
a25b624663788fef07bf3c316eef7e2a,UNLISTED_COMPANY::a57862814e,COMPANY::KAHA,OWNS,,,https://www.kahawatteplantations.lk/,0.9,KAHAWATTE PLANTATIONS PLC,KAHA,2024-03-31,major_shareholders,True
9af66ad872322acce8f5959e8353da9c,PERSON::1b7b5b1ca5,COMPANY::KAHA,PARENT_OF,,,https://www.kahawatteplantations.lk/,0.9,KAHAWATTE PLANTATIONS PLC,KAHA,2024-03-31,parent_company,True
5534d8bd88d2c72f85ce4d4500672724,UNLISTED_COMPANY::d272e6d6f0,COMPANY::KOTA,OWNS,,,https://www.kotagalaplantations.lk/,0.9,KOTAGALA PLANTATIONS PLC,KOTA,2024-03-31,major_shareholders,True
58ea8495b1e7c2cc797be06523078fa7,UNLISTED_COMPANY::d272e6d6f0,COMPANY::KOTA,PARENT_OF,,,https://www.kotagalaplantations.lk/,0.9,KOTAGALA PLANTATIONS PLC,KOTA,2024-03-31,parent_company,True
0333637d18e186ef705a7852c87b0cbc,UNLISTED_COMPANY::aa769400ad,LISTED_COMPANY::e08846534f,OWNS,,,https://www.cse.lk/,0.9,UDAPUSSELLAWA PLANTATIONS PLC,UDPL,2024-03-31,major_shareholders,True
b80a51d20f7c006e45441fb88c5a6429,PERSON::f1f3bd9f9e,LISTED_COMPANY::e08846534f,PARENT_OF,,,https://www.cse.lk/,0.9,UDAPUSSELLAWA PLANTATIONS PLC,UDPL,2024-03-31,parent_company,True
23f29dc99b90a35ac7c9c243dff9ba66,PERSON::421328865c,LISTED_COMPANY::96204b2144,OWNS,,,https://www.cse.lk/,0.85,LAKE HOUSE PRINTERS AND PUBLISHERS PLC,LPRT,2024-03-31,major_shareholders,True
3b20e6ef50ffa5969a7208cd72e706fa,COMPANY::MELS,COMPANY::MADU,OWNS,,,https://www.melstacorp.com/,0.9,MADULSIMA PLANTATIONS PLC,MADU,2024-03-31,major_shareholders,True
ec0b6174c648ed54b5b5f4b48a809beb,COMPANY::MELS,COMPANY::MADU,PARENT_OF,,,https://www.melstacorp.com/,0.9,MADULSIMA PLANTATIONS PLC,MADU,2024-03-31,parent_company,True
6b50bf1dceb99c119a51402c84f84740,UNLISTED_COMPANY::b8d87ef745,COMPANY::GEST,OWNS,,,https://www.gestetnersl.com/,0.9,GESTETNER OF CEYLON PLC,GEST,2024-03-31,major_shareholders,True
2bde2dc11f6321fab1a6ac9f84d2e687,PERSON::7cec3b34f5,COMPANY::GEST,PARENT_OF,,,https://www.gestetnersl.com/,0.9,GESTETNER OF CEYLON PLC,GEST,2024-03-31,parent_company,True
2b1fe3d71f8ae18db8647a4b8e537dc3,COMPANY::SCAP,LISTED_COMPANY::4a6f2e8055,OWNS,,,https://www.cse.lk/,0.9,ABANS FINANCE PLC,AFSL,2024-03-31,major_shareholders,True
8ad497dd49793e0e5fc460eecf053600,COMPANY::SCAP,LISTED_COMPANY::4a6f2e8055,PARENT_OF,,,https://www.cse.lk/,0.9,ABANS FINANCE PLC,AFSL,2024-03-31,parent_company,True
fb8a81a47bf5c9aaecdf08b138346d66,UNLISTED_COMPANY::5d6ae61340,LISTED_COMPANY::76c4ec25a6,OWNS,,,https://www.janashakthi.com/,0.85,JANASHAKTHI FINANCE PLC,BFN,2024-03-31,major_shareholders,True
7e3a42855bb4ac0e8e70908e4b2eeb75,UNLISTED_COMPANY::5d6ae61340,LISTED_COMPANY::76c4ec25a6,PARENT_OF,,,https://www.janashakthi.com/,0.85,JANASHAKTHI FINANCE PLC,BFN,2024-03-31,parent_company,True
a6db96491a1a2b8dec4d1c46aa815431,COMPANY::SHL,COMPANY::SCAP,SUBSIDIARY_OF,,,https://www.softlogic.lk/,0.95,SOFTLOGIC HOLDINGS PLC,SHL,2024-03-31,subsidiaries,True
66e66dc8562e6634c297dc49d984943b,COMPANY::SHL,COMPANY::ASIR,SUBSIDIARY_OF,,,https://www.softlogic.lk/,0.95,SOFTLOGIC HOLDINGS PLC,SHL,2024-03-31,subsidiaries,True
45d86f0824aab3cb20d4f3c2a74a0b54,COMPANY::LOLC,LISTED_COMPANY::708e2a2d38,OWNS,,,https://www.lolc.com/,0.9,LOLC DEVELOPMENT FINANCE PLC,NIFL,2024-03-31,major_shareholders,True
e30e612ee7569b561ebab26c92feb696,COMPANY::LOLC,LISTED_COMPANY::708e2a2d38,PARENT_OF,,,https://www.lolc.com/,0.9,LOLC DEVELOPMENT FINANCE PLC,NIFL,2024-03-31,parent_company,True
8bcadc166a2e8d2db46fc15411254511,COMPANY::LOLC,COMPANY::LOFC,OWNS,,,https://www.lolcfinance.com/,0.95,LOLC FINANCE PLC,LOFC,2024-03-31,major_shareholders,True
ee8f93b5395632d5621cabbeb8efa437,COMPANY::LOLC,COMPANY::LOFC,PARENT_OF,,,https://www.lolcfinance.com/,0.95,LOLC FINANCE PLC,LOFC,2024-03-31,parent_company,True
eb0379a4e914e044f40fcfc5abc58bd8,COMPANY::PLC,COMPANY::PINS,SUBSIDIARY_OF,,,https://www.plc.lk/,0.98,PEOPLE'S LEASING & FINANCE PLC,PLC,2024-03-31,subsidiaries,True
62af38e72c420117a06b670a54cf5530,COMPANY::SHL,COMPANY::SCAP,OWNS,,,https://softlogiccapital.lk/,0.95,SOFTLOGIC CAPITAL PLC,SCAP,2024-03-31,major_shareholders,True
63cf6af44c13a5610711f93c4b63a0b6,COMPANY::SHL,COMPANY::SCAP,PARENT_OF,,,https://softlogiccapital.lk/,0.95,SOFTLOGIC CAPITAL PLC,SCAP,2024-03-31,parent_company,True
64fdb7515db1e99e39461570fce0260e,COMPANY::COCR,LISTED_COMPANY::32522f52e3,OWNS,,,https://www.cclk.lk/,0.9,TRADE FINANCE & INVESTMENTS PLC,TFIL,2024-03-31,major_shareholders,True
2379db57af3b15862d308d641f70b3bf,COMPANY::COCR,LISTED_COMPANY::32522f52e3,PARENT_OF,,,https://www.cclk.lk/,0.9,TRADE FINANCE & INVESTMENTS PLC,TFIL,2024-03-31,parent_company,True
e95621b75f5243c6a7240b917513da4c,COMPANY::REEF,COMPANY::CITW,OWNS,,,https://www.citrusleisure.com/,0.95,WASKADUWA BEACH RESORT PLC,CITW,2024-03-31,major_shareholders,True
4028cdd17e8cf7db1934c0d398ce867c,COMPANY::REEF,COMPANY::CITW,PARENT_OF,,,https://www.citrusleisure.com/,0.95,WASKADUWA BEACH RESORT PLC,CITW,2024-03-31,parent_company,True
35b263f9000ed976dd83c7d519ecdb65,COMPANY::REEF,LISTED_COMPANY::db40ca692f,OWNS,,,https://www.citrusleisure.com/,0.95,KALPITIYA BEACH RESORT PLC,CITK,2024-03-31,major_shareholders,True
16d1c27be0c6c84b9ca7c2779505aa06,COMPANY::REEF,LISTED_COMPANY::db40ca692f,PARENT_OF,,,https://www.citrusleisure.com/,0.95,KALPITIYA BEACH RESORT PLC,CITK,2024-03-31,parent_company,True
8aaad784ee06f0c4582a7bcf2556467f,COMPANY::BIL,COMPANY::AGST,OWNS,,,https://www.brownsinvestments.com/,0.9,AGSTAR PLC,AGST,2024-03-31,major_shareholders,True
e8da361ef02af93a8856abcc112e80aa,COMPANY::BIL,COMPANY::AGST,PARENT_OF,,,https://www.brownsinvestments.com/,0.9,AGSTAR PLC,AGST,2024-03-31,parent_company,True
0ca5c711db28cc0f797cd99cde0154c8,PERSON::19c776d69b,COMPANY::RFL,OWNS,,,https://www.rambodafalls.com/,0.85,RAMBODA FALLS PLC,RFL,2024-03-31,major_shareholders,True
bd7b19bb048053bfc41afed4bf43185c,UNLISTED_COMPANY::5d6ae61340,COMPANY::ORIN,OWNS,,,https://orient.lk/,0.9,ORIENT FINANCE PLC REMOVED,ORIN,2024-03-31,major_shareholders,True
1e92be3653748297cbc655032bacf7cd,UNLISTED_COMPANY::5d6ae61340,COMPANY::ORIN,PARENT_OF,,,https://orient.lk/,0.9,ORIENT FINANCE PLC REMOVED,ORIN,2024-03-31,parent_company,True
fc08e81372cc4c7c4cf45f067a76f761,COMPANY::CFLD,COMPANY::BERU,OWNS,,,https://www.cflb.lk/,0.9,BERUWALA RESORTS PLC,BERU,2024-03-31,major_shareholders,True
b776b5d18db9d0ff282e1db1c36decb2,COMPANY::CFLD,COMPANY::BERU,PARENT_OF,,,https://www.cflb.lk/,0.9,BERUWALA RESORTS PLC,BERU,2024-03-31,parent_company,True
783f963c1de90f666b75d0d272701a6c,UNLISTED_COMPANY::702a036013,LISTED_COMPANY::6d5a8dd4fc,OWNS,,,https://www.asiasiyaka.com/,0.85,ASIA SIYAKA COMMODITIES PLC,ASIY,2024-03-31,major_shareholders,True
64edb994ddfe633ff176c29234574a62,PERSON::d2884a05a0,LISTED_COMPANY::6d5a8dd4fc,PARENT_OF,,,https://www.asiasiyaka.com/,0.85,ASIA SIYAKA COMMODITIES PLC,ASIY,2024-03-31,parent_company,True
47e500e7e32b0f75468ccf787d27257b,COMPANY::HNBF,LISTED_COMPANY::a040084a13,PARENT_OF,,,https://www.hnbfinance.lk/,0.95,PRIME FINANCE PLC,GSF,2022-03-31,parent_company,True
ebd53d5c6365d2c11cb8bf2e4156bc2c,COMPANY::REEF,COMPANY::CITH,OWNS,,,https://www.citrusleisure.com/,0.95,HIKKADUWA BEACH RESORT PLC,CITH,2024-03-31,major_shareholders,True
e82ca409f709e0f6c5204b53bd1d5111,COMPANY::REEF,COMPANY::CITH,PARENT_OF,,,https://www.citrusleisure.com/,0.95,HIKKADUWA BEACH RESORT PLC,CITH,2024-03-31,parent_company,True
ddc0e630e5d8d0fac89e652fea8358af,COMPANY::SPEN,COMPANY::ASPM,OWNS,,,https://www.aitkenspence.com/,0.95,AITKEN SPENCE PLANTATION MANAGEMENTS PLC,ASPM,2024-03-31,major_shareholders,True
286026a83e81794c1f346ccb36a9a94f,COMPANY::SPEN,COMPANY::ASPM,PARENT_OF,,,https://www.aitkenspence.com/,0.95,AITKEN SPENCE PLANTATION MANAGEMENTS PLC,ASPM,2024-03-31,parent_company,True
1de03589f180e3f4b7cc27b68d731331,PERSON::e9a6e1aac7,COMPANY::ALHP,OWNS,,,https://www.cse.lk/,0.8,ANILANA HOTELS AND PROPERTIES PLC,ALHP,2024-03-31,major_shareholders,True
3d8ebffbcf0a8f24d170aa19fc550183,UNLISTED_COMPANY::a863a845bb,LISTED_COMPANY::bda584b166,OWNS,,,https://www.millenniumhousing.lk/,0.9,MILLENNIUM HOUSING DEVELOPERS PLC,MHDL,2024-03-31,major_shareholders,True
8375314b994467a51c5b4c237d1e8129,PERSON::bb37fe8350,LISTED_COMPANY::bda584b166,PARENT_OF,,,https://www.millenniumhousing.lk/,0.9,MILLENNIUM HOUSING DEVELOPERS PLC,MHDL,2024-03-31,parent_company,True
5b78a12961f15d85f7ecb70c03305331,UNLISTED_COMPANY::056596e513,COMPANY::ABL,OWNS,,,https://www.amanabank.lk/,0.95,AMANA BANK PLC,ABL,2024-12-31,major_shareholders,True
1f58ee4dfde4d0b3c9968bc34078826c,PERSON::eaa27e5dd8,LISTED_COMPANY::96a2b3f41d,OWNS,,,https://abansgroup.com/,0.95,ABANS PLC,ABNS,2024-03-31,major_shareholders,True
977091da8b48893c43cc39452dec6a50,LISTED_COMPANY::96a2b3f41d,COMPANY::ABAN,SUBSIDIARY_OF,,,https://abansgroup.com/,0.95,ABANS PLC,ABNS,2024-03-31,subsidiaries,True
be40c0b0cc7bcbb669cdaf8b4ff97619,PERSON::677785f13a,LISTED_COMPANY::355321fd3c,OWNS,,,https://www.janashakthi.com/,0.98,JANASHAKTHI PLC,JANA,2024-03-31,major_shareholders,True
25213687a21e7432ac9a410fb67e3313,COMPANY::RICH,COMPANY::AINS,OWNS,,,https://arpicoinsurance.com/,0.95,ARPICO INSURANCE PLC,AINS,2024-03-31,major_shareholders,True
4e27fe6e035ae135697f7b46b76a78d8,COMPANY::RICH,COMPANY::AINS,PARENT_OF,,,https://arpicoinsurance.com/,0.95,ARPICO INSURANCE PLC,AINS,2024-03-31,parent_company,True
bbcc8b426d5e0aef2dda8209c665c6a5,COMPANY::CFVF,COMPANY::FCT,OWNS,,,https://firstcapital.lk/,0.95,FIRST CAPITAL TREASURIES PLC,FCT,2024-03-31,major_shareholders,True
81c165ef0b45695fd29bb845a8cdfb62,COMPANY::CFVF,COMPANY::FCT,PARENT_OF,,,https://firstcapital.lk/,0.95,FIRST CAPITAL TREASURIES PLC,FCT,2024-03-31,parent_company,True
8f9065b9fe84af0a13c742d120f67fdf,PERSON::913fa5908e,COMPANY::SINH,OWNS,,,https://www.singhehospitals.com/,0.85,SINGHE HOSPITALS PLC,SINH,2024-03-31,major_shareholders,True
11cc7d423c81bd5991e8245e1388bc8d,COMPANY::PLC,COMPANY::PINS,OWNS,,,https://peoplesinsurance.lk/,0.95,PEOPLE'S INSURANCE PLC,PINS,2024-03-31,major_shareholders,True
48afa77f2a93b94b030fccf7e19faa49,COMPANY::PLC,COMPANY::PINS,PARENT_OF,,,https://peoplesinsurance.lk/,0.95,PEOPLE'S INSURANCE PLC,PINS,2024-03-31,parent_company,True
a845e960f547d52da5008196ebf694a9,COMPANY::ATL,COMPANY::ATLL,OWNS,,,https://www.takaful.lk/,0.95,AMANA TAKAFUL LIFE PLC,ATLL,2024-03-31,major_shareholders,True
f83829e719d6f237ebe14827ee27c339,COMPANY::ATL,COMPANY::ATLL,PARENT_OF,,,https://www.takaful.lk/,0.95,AMANA TAKAFUL LIFE PLC,ATLL,2024-03-31,parent_company,True
a8a84f6bd32b467324445ccea11de1e0,COMPANY::BIL,COMPANY::MARA,OWNS,,,https://www.brownshotels.com/,0.85,MARAWILA RESORTS PLC,MARA,2024-03-31,major_shareholders,True
3b95ec719e1fa205ea8a358d625a0539,COMPANY::BIL,COMPANY::MARA,PARENT_OF,,,https://www.brownshotels.com/,0.85,MARAWILA RESORTS PLC,MARA,2024-03-31,parent_company,True
810435d960bccc6afbf867f6fb93bdff,UNLISTED_COMPANY::e6e366a44e,COMPANY::REEF,OWNS,,,https://www.citrusleisure.com/,0.95,CITRUS LEISURE PLC,REEF,2024-03-31,major_shareholders,True
2ccb60e7dab56d37b329c3e8a472363d,UNLISTED_COMPANY::e6e366a44e,COMPANY::REEF,PARENT_OF,,,https://www.citrusleisure.com/,0.95,CITRUS LEISURE PLC,REEF,2024-03-31,parent_company,True
0f21c1981e5410e5181ea7f1f65f1b1d,COMPANY::REEF,COMPANY::CITW,SUBSIDIARY_OF,,,https://www.citrusleisure.com/,0.95,CITRUS LEISURE PLC,REEF,2024-03-31,subsidiaries,True
914a0a2e3deedd3f68c26ed13c487c25,COMPANY::REEF,COMPANY::CITH,SUBSIDIARY_OF,,,https://www.citrusleisure.com/,0.95,CITRUS LEISURE PLC,REEF,2024-03-31,subsidiaries,True
42cf2891b29b39d076b2b33b82843813,COMPANY::RENU,COMPANY::CABO,INVESTS_IN,,,https://www.renukahotel.com/,0.95,RENUKA CITY HOTEL PLC,RENU,2024-03-31,investments_in_listed_companies,True
d25d9d08e675fcca9f694d0e2a8d9a37,COMPANY::TANG,COMPANY::RPBH,OWNS,,,https://tangerinehotels.com/,0.9,ROYAL PALMS BEACH HOTELS PLC,RPBH,2024-03-31,major_shareholders,True
e65eaec3b833745c3a09efab9c3a31a7,COMPANY::TANG,COMPANY::RPBH,PARENT_OF,,,https://tangerinehotels.com/,0.9,ROYAL PALMS BEACH HOTELS PLC,RPBH,2024-03-31,parent_company,True
1b5d6f440f0500059e48c17abefe4feb,COMPANY::MERC,COMPANY::TANG,OWNS,,,https://tangerinehotels.com/,0.9,TANGERINE BEACH HOTELS PLC,TANG,2024-03-31,major_shareholders,True
dbfcd38356d70d48550f14b4c367be8a,COMPANY::MERC,COMPANY::TANG,PARENT_OF,,,https://tangerinehotels.com/,0.9,TANGERINE BEACH HOTELS PLC,TANG,2024-03-31,parent_company,True
1d5f6a7f45658ca030ac8b113df889ad,COMPANY::TANG,COMPANY::RPBH,SUBSIDIARY_OF,,,https://tangerinehotels.com/,0.9,TANGERINE BEACH HOTELS PLC,TANG,2024-03-31,subsidiaries,True
9dfe7c5cf226f19d4c8f299816208b80,COMPANY::CFLD,COMPANY::CFI,OWNS,,,https://www.cflb.lk/,0.9,COLOMBO FORT INVESTMENTS PLC,CFI,2024-03-31,major_shareholders,True
ee8dd4e08e8cf21762f461754bdbf3e3,COMPANY::CFLD,COMPANY::CFI,PARENT_OF,,,https://www.cflb.lk/,0.9,COLOMBO FORT INVESTMENTS PLC,CFI,2024-03-31,parent_company,True
2ab7384498c4dec004e09fbfc989993f,COMPANY::SHOT,COMPANY::SIGV,OWNS,,,https://www.brownshotels.com/,0.9,SIGIRIYA VILLAGE HOTELS PLC,SIGV,2024-03-31,major_shareholders,True
c446d61825421bbecb22efd31bf2706a,COMPANY::SHOT,COMPANY::SIGV,PARENT_OF,,,https://www.brownshotels.com/,0.9,SIGIRIYA VILLAGE HOTELS PLC,SIGV,2024-03-31,parent_company,True
233fceb0e268b521b2faee9386686ea8,COMPANY::CFLD,COMPANY::CIT,OWNS,,,https://www.cflb.lk/,0.9,COLOMBO INVESTMENT TRUST PLC,CIT,2024-03-31,major_shareholders,True
7fd2a874b8abc8c36d6d0cfdbc89551a,COMPANY::CFLD,COMPANY::CIT,PARENT_OF,,,https://www.cflb.lk/,0.9,COLOMBO INVESTMENT TRUST PLC,CIT,2024-03-31,parent_company,True
60971b00b0cb20726f1223a33596833e,UNLISTED_COMPANY::d21ad69d3b,LISTED_COMPANY::401eef3100,OWNS,,,https://www.cse.lk/,0.8,GALLE FACE CAPITAL PARTNERS PLC,WAPO,2024-03-31,major_shareholders,True
297e1396d5a9f4922c412d70998d6dff,PERSON::7e18d598e5,LISTED_COMPANY::401eef3100,PARENT_OF,,,https://www.cse.lk/,0.8,GALLE FACE CAPITAL PARTNERS PLC,WAPO,2024-03-31,parent_company,True
7c8f6cca6605575bcc7a5964d6c7a873,UNLISTED_COMPANY::11db081c3a,COMPANY::CABO,OWNS,,,https://www.renukahotel.com/,0.9,CARGO BOAT DEVELOPMENT COMPANY PLC,CABO,2024-03-31,major_shareholders,True
e3e2f1be19e2386b8055e7602b09d072,UNLISTED_COMPANY::11db081c3a,COMPANY::CABO,PARENT_OF,,,https://www.renukahotel.com/,0.9,CARGO BOAT DEVELOPMENT COMPANY PLC,CABO,2024-03-31,parent_company,True
86fa5afda11473493ee6f75982a40966,GOVERNMENT::d62d1ce68f,COMPANY::CLND,OWNS,17.3,,https://www.cse.lk/,0.8,COLOMBO LAND & DEVELOPMENT COMPANY PLC,CLND,2024-03-31,major_shareholders,True
75edd9eef05d955d540be703e8b7176d,UNLISTED_COMPANY::54f5e09cc8,COMPANY::OSEA,OWNS,,,https://www.orcl.lk/,0.95,OVERSEAS REALTY (CEYLON) PLC,OSEA,2024-12-31,major_shareholders,True
3cc013df3caffe4adeb3ca18bc8d3aa3,PERSON::f4e12b443b,COMPANY::OSEA,PARENT_OF,,,https://www.orcl.lk/,0.95,OVERSEAS REALTY (CEYLON) PLC,OSEA,2024-12-31,parent_company,True
7714f78076f81df36a078fe0fe78b04d,PERSON::ff2720e072,LISTED_COMPANY::1570bb3ea4,OWNS,,,https://www.cse.lk/,0.85,EAST WEST PROPERTIES PLC,EAST,2024-03-31,major_shareholders,True
087e7a9f6415e2aacc3244f52466bd01,COMPANY::CARS,LISTED_COMPANY::77d9fd8149,OWNS,,,https://www.carsoncumberbatch.com/,0.9,EQUITY ONE PLC,EQIT,2024-03-31,major_shareholders,True
aef8c834faaf25d1bdab3b1507d1f846,COMPANY::CARS,LISTED_COMPANY::77d9fd8149,PARENT_OF,,,https://www.carsoncumberbatch.com/,0.9,EQUITY ONE PLC,EQIT,2024-03-31,parent_company,True
0f234f06d351c57a14d995bc8620305f,UNLISTED_COMPANY::5d6ae61340,COMPANY::KDL,OWNS,,,https://www.kelsey.lk/,0.95,KELSEY DEVELOPMENTS PLC,KDL,2024-03-31,major_shareholders,True
7b15682f150c320cf3fe0ddf023fc03d,UNLISTED_COMPANY::5d6ae61340,COMPANY::KDL,PARENT_OF,,,https://www.kelsey.lk/,0.95,KELSEY DEVELOPMENTS PLC,KDL,2024-03-31,parent_company,True
5cfca4f8a66d862ccbc94e661b0f6d64,UNLISTED_COMPANY::d17945c997,COMPANY::SHAW,OWNS,51.0,,https://www.cse.lk/,0.85,LEE HEDGES PLC,SHAW,2024-03-31,major_shareholders,True
4618c204dba9cecd2d5fb8a6c6803499,UNLISTED_COMPANY::d17945c997,COMPANY::SHAW,PARENT_OF,51.0,,https://www.cse.lk/,0.85,LEE HEDGES PLC,SHAW,2024-03-31,parent_company,True
21b2384f980844d4fa42df03ad1e55ed,UNLISTED_COMPANY::94f5cf6638,LISTED_COMPANY::022eab4dd5,OWNS,,,https://www.cse.lk/,0.8,HUEJAY INTERNATIONAL INVESTMENTS PLC,HUEJ,2024-03-31,major_shareholders,True
414f193006bb42fa7e7601dd04e8f7e1,UNLISTED_COMPANY::94f5cf6638,LISTED_COMPANY::022eab4dd5,PARENT_OF,,,https://www.cse.lk/,0.8,HUEJAY INTERNATIONAL INVESTMENTS PLC,HUEJ,2024-03-31,parent_company,True
b011bed01832e27e1dcafd9344b5a5fd,UNLISTED_COMPANY::b7b5736155,COMPANY::ETWO,OWNS,,,https://www.carsoncumberbatch.com/,0.9,EQUITY TWO PLC,ETWO,2024-03-31,major_shareholders,True
46ab76fe7ca85d1bab15b598f128003d,UNLISTED_COMPANY::b7b5736155,COMPANY::ETWO,PARENT_OF,,,https://www.carsoncumberbatch.com/,0.9,EQUITY TWO PLC,ETWO,2024-03-31,parent_company,True
6fb635382f611106600b726ddec8cee6,COMPANY::CFLD,COMPANY::YORK,OWNS,,,https://www.cflb.lk/,0.9,YORK ARCADE HOLDINGS PLC,YORK,2024-03-31,major_shareholders,True
e8075077178597c070d9f8eed030cba6,COMPANY::CFLD,COMPANY::YORK,PARENT_OF,,,https://www.cflb.lk/,0.9,YORK ARCADE HOLDINGS PLC,YORK,2024-03-31,parent_company,True
55e695bf0028696cec06b93739fde2b0,UNLISTED_COMPANY::f62be6fca9,COMPANY::ABAN,OWNS,,,https://abansgroup.com/,0.95,ABANS ELECTRICALS PLC,ABAN,2024-03-31,major_shareholders,True
64cd8f33093516e1fbbf085dc8ec5959,UNLISTED_COMPANY::f62be6fca9,COMPANY::ABAN,PARENT_OF,,,https://abansgroup.com/,0.95,ABANS ELECTRICALS PLC,ABAN,2024-03-31,parent_company,True
14d23f3b9c4ea35d144c4ee706e3523c,COMPANY::CFIN,COMPANY::CIND,OWNS,,,https://nationalpvc.com/,0.9,CENTRAL INDUSTRIES PLC,CIND,2024-03-31,major_shareholders,True
c7372523a2c1c4c5aeedba3b90d4103f,COMPANY::CFIN,COMPANY::CIND,PARENT_OF,,,https://nationalpvc.com/,0.9,CENTRAL INDUSTRIES PLC,CIND,2024-03-31,parent_company,True
f8ec215137d08f07dfe09137c0f8069a,UNLISTED_COMPANY::8b60fb8595,COMPANY::TYRE,OWNS,,,https://www.kelanityres.com/,0.95,KELANI TYRES PLC,TYRE,2024-03-31,major_shareholders,True
7ae0990ca6aff84877c296d20b97e7c5,COMPANY::HAYL,COMPANY::DIPD,PARENT_OF,,,https://www.dplgroup.com/,0.95,DIPPED PRODUCTS PLC,DIPD,2024-03-31,parent_company,True
f9ddf5485271115b3130fe14b0111fac,COMPANY::DIPD,COMPANY::KVAL,SUBSIDIARY_OF,,,https://www.dplgroup.com/,0.95,DIPPED PRODUCTS PLC,DIPD,2024-03-31,subsidiaries,True
bf73cfe3728bde9a0ad20100ccd4f6bd,COMPANY::EBCR,LISTED_COMPANY::458b6307e6,OWNS,,,https://www.acmepak.com/,0.9,ACME PRINTING & PACKAGING PLC,ACME,2024-03-31,major_shareholders,True
6caffe4fdb7e96a44372086fc40f6d94,COMPANY::EBCR,LISTED_COMPANY::458b6307e6,PARENT_OF,,,https://www.acmepak.com/,0.9,ACME PRINTING & PACKAGING PLC,ACME,2024-03-31,parent_company,True
798450a8b3cc9243d0c18bb3fe363c4d,PERSON::f721023843,COMPANY::HUNT,OWNS,,,https://www.hunters.lk/,0.85,HUNTERS & COMPANY PLC,HUNT,2024-03-31,major_shareholders,True
2c271d5745caec1370211f9485a8378d,COMPANY::CPRT,COMPANY::OFEQ,OWNS,,,https://www.cse.lk/,0.8,OFFICE EQUIPMENT PLC,OFEQ,2024-03-31,major_shareholders,True
6d2451a767c3e96f4bc928d98be90fb4,COMPANY::CPRT,COMPANY::OFEQ,PARENT_OF,,,https://www.cse.lk/,0.8,OFFICE EQUIPMENT PLC,OFEQ,2024-03-31,parent_company,True
c14e9b4e0584bff171faaa126c25a930,COMPANY::LOLC,COMPANY::BRWN,OWNS,,,https://www.brownsgroup.com/,0.98,BROWN & COMPANY PLC,BRWN,2024-03-31,major_shareholders,True
686aa58c48261789297093bbd56e1972,COMPANY::LOLC,COMPANY::BRWN,PARENT_OF,,,https://www.brownsgroup.com/,0.98,BROWN & COMPANY PLC,BRWN,2024-03-31,parent_company,True
c70a475d4831ec9a0eb29bb9973edaf1,COMPANY::BRWN,COMPANY::BIL,SUBSIDIARY_OF,,,https://www.brownsgroup.com/,0.98,BROWN & COMPANY PLC,BRWN,2024-03-31,subsidiaries,True
62351b4311134ef710b54b790cde997b,PERSON::37101d21a3,COMPANY::EMER,OWNS,,,https://www.easternmerchants.net/,0.85,EASTERN MERCHANTS PLC,EMER,2024-03-31,major_shareholders,True
061754a01ccb5abceb60a68674774183,UNLISTED_COMPANY::82be62e117,COMPANY::RHL,OWNS,,,https://www.renukagroup.com/,0.95,RENUKA HOLDINGS PLC,RHL,2024-03-31,major_shareholders,True
d8eedde45795f52152d6ea018e3aaac9,UNLISTED_COMPANY::82be62e117,COMPANY::RHL,PARENT_OF,,,https://www.renukagroup.com/,0.95,RENUKA HOLDINGS PLC,RHL,2024-03-31,parent_company,True
cb7c38eb87e0d13042fb89098804e04e,COMPANY::RHL,COMPANY::COCO,SUBSIDIARY_OF,,,https://www.renukagroup.com/,0.95,RENUKA HOLDINGS PLC,RHL,2024-03-31,subsidiaries,True
36b355c6cb56d38f952137538b5fed93,COMPANY::HPWR,COMPANY::PAP,SUBSIDIARY_OF,,,https://resusenergy.lk/,0.85,RESUS ENERGY PLC,HPWR,2024-03-31,subsidiaries,True
53498c539f8d64f9173359b5d7d1e073,UNLISTED_COMPANY::44326760b9,LISTED_COMPANY::a6af4dc726,OWNS,,,https://www.cse.lk/,0.9,NAMAL ACUITY VALUE FUND,NAVF,2024-03-31,major_shareholders,True
09312e39721b250676642ae0a60088c9,COMPANY::COCO,COMPANY::RAL,OWNS,,,https://www.renukagroup.com/,0.95,RENUKA AGRI FOODS PLC,RAL,2024-03-31,major_shareholders,True
b36bc813c6a9a14e7a5f5f3f3387e17b,COMPANY::COCO,COMPANY::RAL,PARENT_OF,,,https://www.renukagroup.com/,0.95,RENUKA AGRI FOODS PLC,RAL,2024-03-31,parent_company,True
a0062350597e921c035a2a873d6fbcc2,UNLISTED_COMPANY::8494dbab10,COMPANY::CTBL,OWNS,,,https://www.ceylonteabrokers.com/,0.9,CEYLON TEA BROKERS PLC,CTBL,2024-03-31,major_shareholders,True
75faf85a0c682a2b17c8815864db1342,UNLISTED_COMPANY::8494dbab10,COMPANY::CTBL,PARENT_OF,,,https://www.ceylonteabrokers.com/,0.9,CEYLON TEA BROKERS PLC,CTBL,2024-03-31,parent_company,True
92fa7ebbfc5d5f2a9ecf842741debfaa,COMPANY::COCR,LISTED_COMPANY::4c13502648,PARENT_OF,,,https://www.cse.lk/,0.9,SINHAPUTHRA FINANCE PLC,SFL,2022-03-31,parent_company,True
6b1b1be41ec0e24296ebc8964b58b70b,UNLISTED_COMPANY::22035dec41,LISTED_COMPANY::fbd140ef36,OWNS,,,https://www.raigam.lk/,0.9,RAIGAM WAYAMBA SALTERNS PLC,RWSL,2024-03-31,major_shareholders,True
a2affde24d46630d5d743a8c512d7ef7,UNLISTED_COMPANY::22035dec41,LISTED_COMPANY::fbd140ef36,PARENT_OF,,,https://www.raigam.lk/,0.9,RAIGAM WAYAMBA SALTERNS PLC,RWSL,2024-03-31,parent_company,True
c3c3be032fb372141b8d0e0eb3adc81d,COMPANY::JINS,COMPANY::CDB,OWNS,,,https://www.cdb.lk/,0.85,CITIZENS DEVELOPMENT BUSINESS FINANCE PLC,CDB,2024-03-31,major_shareholders,True
17c2ca0c76a5c9800df7a37ba3d94010,PERSON::b994308952,COMPANY::NHL,OWNS,,,https://www.nawaloka.com/,0.95,NAWALOKA HOSPITALS PLC,NHL,2024-03-31,major_shareholders,True
b31f8c405655e4b700b72ce356ede415,PERSON::bb37fe8350,COMPANY::NHL,PARENT_OF,,,https://www.nawaloka.com/,0.95,NAWALOKA HOSPITALS PLC,NHL,2024-03-31,parent_company,True
a1e55e54b30a3194643c9dcc49b36fe0,UNLISTED_COMPANY::23c4b60b64,COMPANY::HPFL,OWNS,,,https://www.cse.lk/,0.9,LOTUS HYDRO POWER PLC,HPFL,2024-03-31,major_shareholders,True
e2b794977305cad33cd48569284a86ec,PERSON::a91293f2e0,COMPANY::HPFL,PARENT_OF,,,https://www.cse.lk/,0.9,LOTUS HYDRO POWER PLC,HPFL,2024-03-31,parent_company,True
4ff7d695f8f59c6dba445bb1d37875ac,COMPANY::BIL,LISTED_COMPANY::1195e123ac,OWNS,,,https://www.brownsgroup.com/,0.9,BROWNS CAPITAL PLC,FLCH,2024-03-31,major_shareholders,True
439c89bb75c711b6d21889d8b3b7a8cb,COMPANY::BIL,LISTED_COMPANY::1195e123ac,PARENT_OF,,,https://www.brownsgroup.com/,0.9,BROWNS CAPITAL PLC,FLCH,2024-03-31,parent_company,True
19ba1d838510008ac40b6bb67e565e0f,UNLISTED_COMPANY::00f63e744e,COMPANY::MERC,OWNS,,,https://mi.com.lk/,0.95,MERCANTILE INVESTMENTS AND FINANCE PLC,MERC,2024-03-31,major_shareholders,True
1c6bac7a20a4bef2872085b05d463bdc,COMPANY::MERC,COMPANY::NEH,SUBSIDIARY_OF,,,https://mi.com.lk/,0.95,MERCANTILE INVESTMENTS AND FINANCE PLC,MERC,2024-03-31,subsidiaries,True
b568340f1db3336d9a834800c1b0e21a,COMPANY::MERC,COMPANY::TANG,SUBSIDIARY_OF,,,https://mi.com.lk/,0.95,MERCANTILE INVESTMENTS AND FINANCE PLC,MERC,2024-03-31,subsidiaries,True
3363fc1f5c60890abfb3aafdd7b2a533,COMPANY::MBSL,LISTED_COMPANY::1d66b440ea,PARENT_OF,,,https://www.cse.lk/,0.9,CHILAW FINANCE PLC,CFL,2024-03-31,parent_company,True
87e30a6eea160848916c8d83569914fe,UNLISTED_COMPANY::8a6de7a800,LISTED_COMPANY::16cd89185d,OWNS,,,https://www.cse.lk/,0.85,BIMPUTH LANKA INVESTMENTS PLC,BLI,2024-03-31,major_shareholders,True
9c5931d81cd4efade7d2eebe046b976b,UNLISTED_COMPANY::8a6de7a800,LISTED_COMPANY::16cd89185d,PARENT_OF,,,https://www.cse.lk/,0.85,BIMPUTH LANKA INVESTMENTS PLC,BLI,2024-03-31,parent_company,True
115e1cd581dbf6b08937be9452b4d705,COMPANY::HNBF,COMPANY::MFL,OWNS,,,https://www.cse.lk/,0.9,MULTI FINANCE PLC,MFL,2024-03-31,major_shareholders,True
a1ebeec707a0006666d3dfc67416e219,COMPANY::HNBF,COMPANY::MFL,PARENT_OF,,,https://www.cse.lk/,0.9,MULTI FINANCE PLC,MFL,2024-03-31,parent_company,True
cfa0029df3f9d99143a1ef26097728ee,PERSON::c8a0ea6278,COMPANY::AMF,OWNS,,,https://amf.lk/,0.9,ASSOCIATED MOTOR FINANCE COMPANY PLC,AMF,2024-03-31,major_shareholders,True
bfaccca64c868877b42d9889c70d9dbf,COMPANY::COCR,LISTED_COMPANY::32522f52e3,SUBSIDIARY_OF,,,https://www.cclk.lk/,0.95,COMMERCIAL CREDIT AND FINANCE PLC,COCR,2024-03-31,subsidiaries,True
c9898ffc13640161ff0aef6cb47cad17,COMPANY::LOLC,COMPANY::BIL,OWNS,,,https://www.brownsinvestments.com/,0.98,BROWNS INVESTMENTS PLC,BIL,2024-03-31,major_shareholders,True
c824efa1e461049b30dd0ba6229e4e14,COMPANY::BIL,COMPANY::HAPU,SUBSIDIARY_OF,,,https://www.brownsinvestments.com/,0.98,BROWNS INVESTMENTS PLC,BIL,2024-03-31,subsidiaries,True
