node_id,name,canonical_name,entity_type,cse_symbol,company_id,sector,industry_group,board,status,source_file
COMPANY::ALLI,ALLIANCE FINANCE COMPANY PLC,ALLIANCE FINANCE COMPANY PLC,LISTED_COMPANY,ALLI,341.0,Diversified Financials,Diversified Financials,Main Board,active,gemini-code-1777699134393.json
PERSON::e7289608b1,Mr. R.K.E.P. de Silva,R K E P DE SILVA,PERSON,,,,,,,
COMPANY::AAIC,SOFTLOGIC LIFE INSURANCE PLC,SOFTLOGIC LIFE INSURANCE PLC,LISTED_COMPANY,AAIC,364.0,Insurance,Insurance,Main Board,active,gemini-code-1777699134393.json
COMPANY::SCAP,SOFTLOGIC CAPITAL PLC,SOFTLOGIC CAPITAL PLC,LISTED_COMPANY,SCAP,1100.0,Diversified Financials,Diversified Financials,Main Board,active,
UNLISTED_COMPANY::8ded54d8f5,Allianz Life Insurance Lanka Limited,ALLIANZ LIFE INSURANCE LANKA LTD,UNLISTED_COMPANY,,,,,,,
LISTED_COMPANY::fce93b8fd8,ARPICO FINANCE COMPANY PLC,ARPICO FINANCE COMPANY PLC,LISTED_COMPANY,,,,,,,gemini-code-1777699134393.json
COMPANY::AMF,ASSOCIATED MOTOR FINANCE COMPANY PLC,ASSOCIATED MOTOR FINANCE COMPANY PLC,LISTED_COMPANY,AMF,1068.0,Diversified Financials,Diversified Financials,Dirisavi Board,active,
COMPANY::HASU,HNB LIFE PLC,HNB LIFE PLC,LISTED_COMPANY,HASU,375.0,Insurance,Insurance,Main Board,active,gemini-code-1777699134393.json
COMPANY::HNB,HATTON NATIONAL BANK PLC,HATTON NATIONAL BANK PLC,LISTED_COMPANY,HNB,373.0,Banks,Banks,Main Board,active,
UNLISTED_COMPANY::13fedb315d,HNB General Insurance Limited,HNB GENERAL INSURANCE LTD,UNLISTED_COMPANY,,,,,,,
COMPANY::HNBF,HNB FINANCE PLC,HNB FINANCE PLC,LISTED_COMPANY,HNBF,1992.0,Diversified Financials,Diversified Financials,Main Board,active,
UNLISTED_COMPANY::b07be6578c,Acuity Partners (Pvt) Ltd,ACUITY PARTNERS PVT LTD,UNLISTED_COMPANY,,,,,,,
COMPANY::ACAP,ASIA CAPITAL PLC,ASIA CAPITAL PLC,LISTED_COMPANY,ACAP,363.0,Diversified Financials,Diversified Financials,Main Board,active,gemini-code-1777699134393.json
UNLISTED_COMPANY::54e6548c47,Asia Leisure Holdings (Private) Limited,ASIA LEISURE HOLDINGS PVT LTD,UNLISTED_COMPANY,,,,,,,
UNLISTED_COMPANY::2938abde9b,Asia Digital Entertainment (Private) Limited,ASIA DIGITAL ENTERTAINMENT PVT LTD,UNLISTED_COMPANY,,,,,,,
COMPANY::ATL,AMANA TAKAFUL PLC,AMANA TAKAFUL PLC,LISTED_COMPANY,ATL,361.0,Insurance,Insurance,Dirisavi Board,active,gemini-code-1777699134393.json
COMPANY::ATLL,AMANA TAKAFUL LIFE PLC,AMANA TAKAFUL LIFE PLC,LISTED_COMPANY,ATLL,1484.0,Insurance,Insurance,Dirisavi Board,active,
COMPANY::HDFC,HOUSING DEVELOPMENT FINANCE CORPORATION BANK OF SRI LANKA,HOUSING DEVELOPMENT FINANCE CORPORATION BANK OF SRI LANKA,LISTED_COMPANY,HDFC,376.0,Banks,Banks,Main Board,active,gemini-code-1777699134393.json
GOVERNMENT::01856344c8,National Housing Development Authority (NHDA),NATIONAL HOUSING DEVELOPMENT AUTHORITY NHDA,GOVERNMENT,,,,,,,
COMPANY::CINS,CEYLINCO HOLDINGS PLC,CEYLINCO HOLDINGS PLC,LISTED_COMPANY,CINS,367.0,Insurance,Insurance,Main Board,active,gemini-code-1777699134393.json
UNLISTED_COMPANY::3db7069474,Ceylinco General Insurance Limited,CEYLINCO GENERAL INSURANCE LTD,UNLISTED_COMPANY,,,,,,,
UNLISTED_COMPANY::01960e8d36,Ceylinco Life Insurance Limited,CEYLINCO LIFE INSURANCE LTD,UNLISTED_COMPANY,,,,,,,
COMPANY::LVEN,LANKA VENTURES PLC,LANKA VENTURES PLC,LISTED_COMPANY,LVEN,377.0,Diversified Financials,Diversified Financials,Main Board,active,gemini-code-1777699134393.json
COMPANY::LVEF,LVL ENERGY FUND PLC,LVL ENERGY FUND PLC,LISTED_COMPANY,LVEF,1707.0,Utilities,Utilities,Dirisavi Board,active,
COMPANY::LOLC,LOLC HOLDINGS PLC,LOLC HOLDINGS PLC,LISTED_COMPANY,LOLC,378.0,Diversified Financials,Diversified Financials,Main Board,active,gemini-code-1777699134393.json
PERSON::8fd06f7619,Ishara Nanayakkara,ISHARA NANAYAKKARA,PERSON,,,,,,,
COMPANY::LOFC,LOLC FINANCE PLC,LOLC FINANCE PLC,LISTED_COMPANY,LOFC,1073.0,Diversified Financials,Diversified Financials,Main Board,active,
COMPANY::BRWN,BROWN & COMPANY PLC,BROWN AND COMPANY PLC,LISTED_COMPANY,BRWN,764.0,Capital Goods,Capital Goods,Main Board,active,
COMPANY::COMB,COMMERCIAL BANK OF CEYLON PLC,COMMERCIAL BANK OF CEYLON PLC,LISTED_COMPANY,COMB,369.0,Banks,Banks,Main Board,active,gemini-code-1777699134393.json
UNLISTED_COMPANY::84e20fef54,Commercial Bank of Maldives,COMMERCIAL BANK OF MALDIVES,UNLISTED_COMPANY,,,,,,,
COMPANY::CFIN,CENTRAL FINANCE COMPANY PLC,CENTRAL FINANCE COMPANY PLC,LISTED_COMPANY,CFIN,366.0,Diversified Financials,Diversified Financials,Main Board,active,gemini-code-1777699134393.json
COMPANY::CIND,CENTRAL INDUSTRIES PLC,CENTRAL INDUSTRIES PLC,LISTED_COMPANY,CIND,665.0,Capital Goods,Capital Goods,Main Board,active,
COMPANY::NTB,NATIONS TRUST BANK PLC,NATIONS TRUST BANK PLC,LISTED_COMPANY,NTB,387.0,Banks,Banks,Main Board,active,
COMPANY::ECL,E-CHANNELLING PLC,E-CHANNELLING PLC,LISTED_COMPANY,ECL,374.0,Health Care Equipment & Services,Health Care Equipment & Services,Dirisavi Board,active,gemini-code-1777699134393.json
UNLISTED_COMPANY::e27f9269d1,Mobitel (Pvt) Ltd,MOBITEL PVT LTD,UNLISTED_COMPANY,,,,,,,
COMPANY::DFCC,DFCC BANK PLC,DFCC BANK PLC,LISTED_COMPANY,DFCC,371.0,Banks,Banks,Main Board,active,gemini-code-1777699134393.json
UNLISTED_COMPANY::9369c17760,DFCC Consulting (Pvt) Ltd,DFCC CONSULTING PVT LTD,UNLISTED_COMPANY,,,,,,,
UNLISTED_COMPANY::5d57ae6313,Synapsys Limited,SYNAPSYS LTD,UNLISTED_COMPANY,,,,,,,
COMPANY::LFIN,L B FINANCE PLC,L B FINANCE PLC,LISTED_COMPANY,LFIN,379.0,Diversified Financials,Diversified Financials,Main Board,active,gemini-code-1777699134393.json
COMPANY::VONE,VALLIBEL ONE PLC,VALLIBEL ONE PLC,LISTED_COMPANY,VONE,1074.0,Capital Goods,Capital Goods,Main Board,active,
LISTED_COMPANY::8ec5b2a6d3,AIA INSURANCE LANKA PLC,AIA INSURANCE LANKA PLC,LISTED_COMPANY,,,,,,,gemini-code-1777699134393.json
UNLISTED_COMPANY::c072479e34,AIA Group,AIA GROUP,UNLISTED_COMPANY,,,,,,,
PERSON::0d0c3f1fe7,AIA Group,AIA GROUP,PERSON,,,,,,,
COMPANY::MBSL,MERCHANT BANK OF SRI LANKA & FINANCE PLC,MERCHANT BANK OF SRI LANKA AND FINANCE PLC,LISTED_COMPANY,MBSL,380.0,Diversified Financials,Diversified Financials,Main Board,active,gemini-code-1777699134393.json
UNLISTED_COMPANY::047ced3a31,Bank of Ceylon,BANK OF CEYLON,UNLISTED_COMPANY,,,,,,,
COMPANY::JKH,JOHN KEELLS HOLDINGS PLC,JOHN KEELLS HOLDINGS PLC,LISTED_COMPANY,JKH,508.0,Capital Goods,Capital Goods,Main Board,active,
UNLISTED_COMPANY::389060f519,Waldock Mackenzie Ltd,WALDOCK MACKENZIE LTD,UNLISTED_COMPANY,,,,,,,
COMPANY::NDB,NATIONAL DEVELOPMENT BANK PLC,NATIONAL DEVELOPMENT BANK PLC,LISTED_COMPANY,NDB,386.0,Banks,Banks,Main Board,active,gemini-code-1777699134393.json
UNLISTED_COMPANY::15814b0155,NDB Capital Holdings,NDB CAPITAL HOLDINGS,UNLISTED_COMPANY,,,,,,,
UNLISTED_COMPANY::6d7cf04afb,NDB Investment Bank,NDB INVESTMENT BANK,UNLISTED_COMPANY,,,,,,,
COMPANY::PABC,PAN ASIA BANKING CORPORATION PLC,PAN ASIA BANKING CORPORATION PLC,LISTED_COMPANY,PABC,388.0,Banks,Banks,Main Board,active,gemini-code-1777699134393.json
PERSON::25c526c8c8,K D D Perera,DHAMMIKA PERERA,PERSON,,,,,,,
COMPANY::ASCO,LANKA REALTY INVESTMENTS PLC,LANKA REALTY INVESTMENTS PLC,LISTED_COMPANY,ASCO,401.0,Real Estate,Real Estate,Main Board,active,gemini-code-1777699134393.json
UNLISTED_COMPANY::58cdeaee45,Mulberry Holdings (Pvt) Ltd,MULBERRY HOLDINGS PVT LTD,UNLISTED_COMPANY,,,,,,,
COMPANY::DIAL,DIALOG AXIATA PLC,DIALOG AXIATA PLC,LISTED_COMPANY,DIAL,389.0,Telecommunication Services,Telecommunication Services,Main Board,active,gemini-code-1777699134393.json
UNLISTED_COMPANY::d748b7a43b,Axiata Group Berhad,AXIATA GROUP BERHAD,UNLISTED_COMPANY,,,,,,,
PERSON::e15253535f,Axiata Group Berhad,AXIATA GROUP BERHAD,PERSON,,,,,,,
UNLISTED_COMPANY::b522f95080,Dialog Broadband Networks (Pvt) Ltd,DIALOG BROADBAND NETWORKS PVT LTD,UNLISTED_COMPANY,,,,,,,
UNLISTED_COMPANY::6c29fee37e,Dialog Television (Pvt) Ltd,DIALOG TELEVISION PVT LTD,UNLISTED_COMPANY,,,,,,,
COMPANY::CALF,DIALOG FINANCE PLC,DIALOG FINANCE PLC,LISTED_COMPANY,CALF,1101.0,Diversified Financials,Diversified Financials,Dirisavi Board,active,
COMPANY::PMB,PMF FINANCE PLC,PMF FINANCE PLC,LISTED_COMPANY,PMB,405.0,Diversified Financials,Diversified Financials,Main Board,active,gemini-code-1777699134393.json
UNLISTED_COMPANY::9e1baf39bd,Sterling Capital Investments (Pvt) Ltd,STERLING CAPITAL INVESTMENTS PVT LTD,UNLISTED_COMPANY,,,,,,,
COMPANY::MGT,HAYLEYS FABRIC PLC,HAYLEYS FABRIC PLC,LISTED_COMPANY,MGT,403.0,Consumer Durables & Apparel,Consumer Durables & Apparel,Main Board,active,gemini-code-1777699134393.json
COMPANY::HAYL,HAYLEYS PLC,HAYLEYS PLC,LISTED_COMPANY,HAYL,505.0,Capital Goods,Capital Goods,Main Board,active,
UNLISTED_COMPANY::6ea88155ed,South Asia Textiles Limited,SOUTH ASIA TEXTILES LTD,UNLISTED_COMPANY,,,,,,,
COMPANY::SLTL,SRI LANKA TELECOM PLC,SRI LANKA TELECOM PLC,LISTED_COMPANY,SLTL,390.0,Telecommunication Services,Telecommunication Services,Main Board,active,gemini-code-1777699134393.json
GOVERNMENT::c87ebb0cf4,Government of Sri Lanka,GOVERNMENT OF SRI LANKA,GOVERNMENT,,,,,,,
UNLISTED_COMPANY::06b1b41a52,Global Telecommunications Holdings N.V,GLOBAL TELECOMMUNICATIONS HOLDINGS N V,UNLISTED_COMPANY,,,,,,,
COMPANY::BFL,BAIRAHA FARMS PLC,BAIRAHA FARMS PLC,LISTED_COMPANY,BFL,452.0,Food Beverage & Tobacco,Food Beverage & Tobacco,Main Board,active,gemini-code-1777699134393.json
UNLISTED_COMPANY::f770037e78,Fortune Agro Industries (Pvt) Ltd,FORTUNE AGRO INDUSTRIES PVT LTD,UNLISTED_COMPANY,,,,,,,
LISTED_COMPANY::3e8d8a5bb6,THE FINANCE COMPANY PLC,THE FINANCE COMPANY PLC,LISTED_COMPANY,,,,,,,gemini-code-1777699134393.json
COMPANY::SAMP,SAMPATH BANK PLC,SAMPATH BANK PLC,LISTED_COMPANY,SAMP,431.0,Banks,Banks,Main Board,active,gemini-code-1777699134393.json
UNLISTED_COMPANY::c159057f2e,Sampath Information Technology Solutions Ltd,SAMPATH INFORMATION TECHNOLOGY SOLUTIONS LTD,UNLISTED_COMPANY,,,,,,,
COMPANY::BUKI,BUKIT DARAH PLC,BUKIT DARAH PLC,LISTED_COMPANY,BUKI,456.0,Food Beverage & Tobacco,Food Beverage & Tobacco,Main Board,active,gemini-code-1777699134393.json
COMPANY::CARS,CARSON CUMBERBATCH PLC,CARSON CUMBERBATCH PLC,LISTED_COMPANY,CARS,502.0,Food Beverage & Tobacco,Food Beverage & Tobacco,Main Board,active,
COMPANY::VLL,VIDULLANKA PLC,VIDULLANKA PLC,LISTED_COMPANY,VLL,455.0,Utilities,Utilities,Main Board,active,gemini-code-1777699134393.json
UNLISTED_COMPANY::de89bb249b,Muvumbe Hydro (U) Limited,MUVUMBE HYDRO U LTD,UNLISTED_COMPANY,,,,,,,
COMPANY::SEYB,SEYLAN BANK PLC,SEYLAN BANK PLC,LISTED_COMPANY,SEYB,443.0,Banks,Banks,Main Board,active,gemini-code-1777699134393.json
GOVERNMENT::e45e6cca46,Sri Lanka Insurance Corporation,SRI LANKA INSURANCE CORPORATION,GOVERNMENT,,,,,,,
COMPANY::CSD,SEYLAN DEVELOPMENTS PLC,SEYLAN DEVELOPMENTS PLC,LISTED_COMPANY,CSD,617.0,Real Estate,Real Estate,Main Board,active,
COMPANY::CARG,CARGILLS (CEYLON) PLC,CARGILLS CEYLON PLC,LISTED_COMPANY,CARG,457.0,Retailing,Retailing,Main Board,active,gemini-code-1777699134393.json
COMPANY::CTHR,C T HOLDINGS PLC,C T HOLDINGS PLC,LISTED_COMPANY,CTHR,503.0,Retailing,Retailing,Main Board,active,
COMPANY::CBNK,Cargills Bank PLC,CARGILLS BANK PLC,LISTED_COMPANY,CBNK,,Banks,Banks,Main Board,active,
PERSON::a07199853c,Cargills Dairies,CARGILLS DAIRIES,PERSON,,,,,,,
LISTED_COMPANY::d945d56fd2,CEYLON BEVERAGE HOLDINGS PLC,CEYLON BEVERAGE HOLDINGS PLC,LISTED_COMPANY,,,,,,,gemini-code-1777699134393.json
COMPANY::LION,LION BREWERY CEYLON PLC,LION BREWERY CEYLON PLC,LISTED_COMPANY,LION,485.0,Food Beverage & Tobacco,Food Beverage & Tobacco,Main Board,active,
COMPANY::VPEL,VALLIBEL POWER ERATHNA PLC,VALLIBEL POWER ERATHNA PLC,LISTED_COMPANY,VPEL,454.0,Utilities,Utilities,Main Board,active,gemini-code-1777699134393.json
COMPANY::UAL,UNION ASSURANCE PLC,UNION ASSURANCE PLC,LISTED_COMPANY,UAL,450.0,Insurance,Insurance,Main Board,active,gemini-code-1777699134393.json
COMPANY::DOCK,COLOMBO DOCKYARD PLC,COLOMBO DOCKYARD PLC,LISTED_COMPANY,DOCK,442.0,Capital Goods,Capital Goods,Main Board,active,gemini-code-1777699134393.json
UNLISTED_COMPANY::eac9cb2e39,Onomichi Dockyard Co. Ltd,ONOMICHI DOCKYARD CO LTD,UNLISTED_COMPANY,,,,,,,
COMPANY::KAPI,MTD WALKERS PLC,MTD WALKERS PLC,LISTED_COMPANY,KAPI,444.0,Capital Goods,Capital Goods,Main Board,active,gemini-code-1777699134393.json
PERSON::f63592967d,MTD Capital Bhd,MTD CAPITAL BHD,PERSON,,,,,,,
COMPANY::SFCL,SENKADAGALA FINANCE PLC,SENKADAGALA FINANCE PLC,LISTED_COMPANY,SFCL,441.0,Diversified Financials,Diversified Financials,Main Board,active,gemini-code-1777699134393.json
COMPANY::LDEV,LANKEM DEVELOPMENTS PLC,LANKEM DEVELOPMENTS PLC,LISTED_COMPANY,LDEV,446.0,Food Beverage & Tobacco,Food Beverage & Tobacco,Main Board,active,gemini-code-1777699134393.json
COMPANY::LCEY,LANKEM CEYLON PLC,LANKEM CEYLON PLC,LISTED_COMPANY,LCEY,497.0,Capital Goods,Capital Goods,Main Board,active,
COMPANY::GOOD,GOOD HOPE PLC,GOOD HOPE PLC,LISTED_COMPANY,GOOD,459.0,Food Beverage & Tobacco,Food Beverage & Tobacco,Main Board,active,gemini-code-1777699134393.json
UNLISTED_COMPANY::38fe0d86bf,Goodhope Asia Holdings Ltd,GOODHOPE ASIA HOLDINGS LTD,UNLISTED_COMPANY,,,,,,,
COMPANY::SEMB,SMB FINANCE PLC,SMB FINANCE PLC,LISTED_COMPANY,SEMB,445.0,Diversified Financials,Diversified Financials,Main Board,active,gemini-code-1777699134393.json
COMPANY::CTC,CEYLON TOBACCO COMPANY PLC,CEYLON TOBACCO COMPANY PLC,LISTED_COMPANY,CTC,460.0,Food Beverage & Tobacco,Food Beverage & Tobacco,Main Board,active,gemini-code-1777699134393.json
UNLISTED_COMPANY::3945c46429,British American Tobacco Holdings (Sri Lanka) BV,BRITISH AMERICAN TOBACCO HOLDINGS SRI LANKA BV,UNLISTED_COMPANY,,,,,,,
COMPANY::DIST,DISTILLERIES COMPANY OF SRI LANKA PLC,DISTILLERIES COMPANY OF SRI LANKA PLC,LISTED_COMPANY,DIST,463.0,Food Beverage & Tobacco,Food Beverage & Tobacco,Main Board,active,gemini-code-1777699134393.json
COMPANY::MELS,MELSTACORP PLC,MELSTACORP PLC,LISTED_COMPANY,MELS,1507.0,Food Beverage & Tobacco,Food Beverage & Tobacco,Main Board,active,
COMPANY::CCS,CEYLON COLD STORES PLC,CEYLON COLD STORES PLC,LISTED_COMPANY,CCS,462.0,Food Beverage & Tobacco,Food Beverage & Tobacco,Main Board,active,gemini-code-1777699134393.json
UNLISTED_COMPANY::0ca957e688,Jayamaha Farms (Pvt) Ltd,JAYAMAHA FARMS PVT LTD,UNLISTED_COMPANY,,,,,,,
COMPANY::COCO,RENUKA FOODS PLC,RENUKA FOODS PLC,LISTED_COMPANY,COCO,461.0,Food Beverage & Tobacco,Food Beverage & Tobacco,Main Board,active,gemini-code-1777699134393.json
UNLISTED_COMPANY::defa1f3866,Renuka Agro Exports Ltd,RENUKA AGRO EXPORTS LTD,UNLISTED_COMPANY,,,,,,,
COMPANY::RAL,RENUKA AGRI FOODS PLC,RENUKA AGRI FOODS PLC,LISTED_COMPANY,RAL,901.0,Food Beverage & Tobacco,Food Beverage & Tobacco,Main Board,active,
COMPANY::KFP,KEELLS FOOD PRODUCTS PLC,KEELLS FOOD PRODUCTS PLC,LISTED_COMPANY,KFP,483.0,Food Beverage & Tobacco,Food Beverage & Tobacco,Main Board,active,gemini-code-1777699134393.json
COMPANY::HARI,HARISCHANDRA MILLS PLC,HARISCHANDRA MILLS PLC,LISTED_COMPANY,HARI,482.0,Food Beverage & Tobacco,Food Beverage & Tobacco,Main Board,active,gemini-code-1777699134393.json
UNLISTED_COMPANY::ae88a537a7,Motor Service Station (Pvt) Ltd.,MOTOR SERVICE STATION PVT LTD,UNLISTED_COMPANY,,,,,,,
PERSON::84e04f6e00,Mrs. D.M.E.P. Perera,D M E P PERERA,PERSON,,,,,,,
PERSON::58fb219f93,Mr. D.F.W.S.K. Perera & Mr. D.F.W. Perera,D F W S K PERERA AND D F W PERERA,PERSON,,,,,,,
UNLISTED_COMPANY::06fe0d7c4d,Dalvik Inclusion Private Limited,DALVIK INCLUSION PVT LTD,UNLISTED_COMPANY,,,,,,,
UNLISTED_COMPANY::de77b8bd6b,Milford Ceylon (Pvt) Ltd,MILFORD CEYLON PVT LTD,UNLISTED_COMPANY,,,,,,,
COMPANY::TAFL,THREE ACRE FARMS PLC,THREE ACRE FARMS PLC,LISTED_COMPANY,TAFL,491.0,Food Beverage & Tobacco,Food Beverage & Tobacco,Main Board,active,gemini-code-1777699812664.json
COMPANY::GRAN,CEYLON GRAIN ELEVATORS PLC,CEYLON GRAIN ELEVATORS PLC,LISTED_COMPANY,GRAN,671.0,Food Beverage & Tobacco,Food Beverage & Tobacco,Main Board,active,
COMPANY::LAMB,KOTMALE HOLDINGS PLC,KOTMALE HOLDINGS PLC,LISTED_COMPANY,LAMB,484.0,Food Beverage & Tobacco,Food Beverage & Tobacco,Dirisavi Board,active,gemini-code-1777699812664.json
UNLISTED_COMPANY::33761fe166,Cargills Quality Dairies (Pvt) Ltd,CARGILLS QUALITY DAIRIES PVT LTD,UNLISTED_COMPANY,,,,,,,
COMPANY::SOY,CONVENIENCE FOODS (LANKA )PLC,CONVENIENCE FOODS LANKA PLC,LISTED_COMPANY,SOY,488.0,Food Beverage & Tobacco,Food Beverage & Tobacco,Main Board,active,gemini-code-1777699812664.json
UNLISTED_COMPANY::a8753d0d60,CBL Investments Limited,CBL INVESTMENTS LTD,UNLISTED_COMPANY,,,,,,,
COMPANY::TSML,TEA SMALLHOLDER FACTORIES PLC,TEA SMALLHOLDER FACTORIES PLC,LISTED_COMPANY,TSML,490.0,Food Beverage & Tobacco,Food Beverage & Tobacco,Main Board,active,gemini-code-1777699812664.json
UNLISTED_COMPANY::1189177e83,Akbar Brothers,AKBAR BROTHERS,UNLISTED_COMPANY,,,,,,,
UNLISTED_COMPANY::1e3716e7a5,Ceylon Beverage Holdings PLC,CEYLON BEVERAGE HOLDINGS PLC,UNLISTED_COMPANY,,,,,,,
UNLISTED_COMPANY::f61496581c,Carlsberg Brewery Malaysia Berhad,CARLSBERG BREWERY MALAYSIA BERHAD,UNLISTED_COMPANY,,,,,,,
UNLISTED_COMPANY::ee4de98f68,Pearl Springs (Private) Limited,PEARL SPRINGS PVT LTD,UNLISTED_COMPANY,,,,,,,
COMPANY::LMF,LANKA MILK FOODS (CWE) PLC,LANKA MILK FOODS CWE PLC,LISTED_COMPANY,LMF,486.0,Food Beverage & Tobacco,Food Beverage & Tobacco,Main Board,active,gemini-code-1777699812664.json
UNLISTED_COMPANY::b1f47aaa31,Milford Exports (Ceylon) (Pvt) Ltd,MILFORD EXPORTS CEYLON PVT LTD,UNLISTED_COMPANY,,,,,,,
UNLISTED_COMPANY::344ea8abc6,Ambewela Livestock Company Limited,AMBEWELA LIVESTOCK COMPANY LTD,UNLISTED_COMPANY,,,,,,,
LISTED_COMPANY::7d2bb36c37,NESTLE LANKA PLC,NESTLE LANKA PLC,LISTED_COMPANY,,,,,,,gemini-code-1777699812664.json
UNLISTED_COMPANY::6d93734053,Nestlé S.A.,NESTLÉ S A,UNLISTED_COMPANY,,,,,,,
PERSON::5833caa40f,Nestlé S.A.,NESTLÉ S A,PERSON,,,,,,,
COMPANY::HAYC,HAYCARB PLC,HAYCARB PLC,LISTED_COMPANY,HAYC,494.0,Materials,Materials,Main Board,active,gemini-code-1777699812664.json
UNLISTED_COMPANY::6182105bf9,Puritas (Pvt) Ltd,PURITAS PVT LTD,UNLISTED_COMPANY,,,,,,,
COMPANY::CHMX,CHEMANEX PLC,CHEMANEX PLC,LISTED_COMPANY,CHMX,492.0,Materials,Materials,Main Board,active,gemini-code-1777699812664.json
COMPANY::CIC,CIC HOLDINGS PLC,CIC HOLDINGS PLC,LISTED_COMPANY,CIC,493.0,Materials,Materials,Main Board,active,
COMPANY::CTEA,DILMAH CEYLON TEA COMPANY PLC,DILMAH CEYLON TEA COMPANY PLC,LISTED_COMPANY,CTEA,489.0,Food Beverage & Tobacco,Food Beverage & Tobacco,Main Board,active,gemini-code-1777699812664.json
UNLISTED_COMPANY::d3fe4d3682,MJF Teas (Pvt) Ltd,MJF TEAS PVT LTD,UNLISTED_COMPANY,,,,,,,
LISTED_COMPANY::72c1a5fe97,INDUSTRIAL ASPHALTS (CEYLON) PLC,INDUSTRIAL ASPHALTS CEYLON PLC,LISTED_COMPANY,,,,,,,gemini-code-1777699812664.json
UNLISTED_COMPANY::0acf4cd09d,Paints & General Industries Limited,PAINTS AND GENERAL INDUSTRIES LTD,UNLISTED_COMPANY,,,,,,,
COMPANY::MORI,MORISON PLC,MORISON PLC,LISTED_COMPANY,MORI,496.0,"Pharmaceuticals, Biotechnology & Life Sciences","Pharmaceuticals, Biotechnology & Life Sciences",Main Board,active,gemini-code-1777699812664.json
COMPANY::HHL,HEMAS HOLDINGS PLC,HEMAS HOLDINGS PLC,LISTED_COMPANY,HHL,506.0,Household & Personal Products,Household & Personal Products,Main Board,active,
COMPANY::LITE,LAXAPANA PLC,LAXAPANA PLC,LISTED_COMPANY,LITE,498.0,Capital Goods,Capital Goods,Main Board,active,gemini-code-1777699812664.json
COMPANY::EBCR,E B CREASY & COMPANY PLC,E B CREASY AND COMPANY PLC,LISTED_COMPANY,EBCR,745.0,Capital Goods,Capital Goods,Main Board,active,
COMPANY::CFLD,The Colombo Fort Land and Building PLC,THE COLOMBO FORT LAND AND BUILDING PLC,LISTED_COMPANY,CFLD,,Real Estate,Real Estate,Main Board,active,
COMPANY::UCAR,UNION CHEMICALS LANKA PLC,UNION CHEMICALS LANKA PLC,LISTED_COMPANY,UCAR,500.0,Materials,Materials,Main Board,active,gemini-code-1777699812664.json
COMPANY::SPEN,AITKEN SPENCE PLC,AITKEN SPENCE PLC,LISTED_COMPANY,SPEN,501.0,Capital Goods,Capital Goods,Main Board,active,gemini-code-1777699812664.json
COMPANY::AHUN,AITKEN SPENCE HOTEL HOLDINGS PLC,AITKEN SPENCE HOTEL HOLDINGS PLC,LISTED_COMPANY,AHUN,521.0,Consumer Services,Consumer Services,Second Board,active,
COMPANY::SUN,SUNSHINE HOLDINGS PLC,SUNSHINE HOLDINGS PLC,LISTED_COMPANY,SUN,510.0,Food Beverage & Tobacco,Food Beverage & Tobacco,Main Board,active,gemini-code-1777699812664.json
UNLISTED_COMPANY::8115cfabce,Lamurep Investments Limited,LAMUREP INVESTMENTS LTD,UNLISTED_COMPANY,,,,,,,
UNLISTED_COMPANY::b94da1e6d0,Sunshine Healthcare Lanka Ltd,SUNSHINE HEALTHCARE LANKA LTD,UNLISTED_COMPANY,,,,,,,
COMPANY::RICH,RICHARD PIERIS AND COMPANY PLC,RICHARD PIERIS AND COMPANY PLC,LISTED_COMPANY,RICH,509.0,Capital Goods,Capital Goods,Main Board,active,gemini-code-1777699812664.json
PERSON::7e4e67a231,Dr. Sena Yaddehige,SENA YADDEHIGE,PERSON,,,,,,,
COMPANY::REXP,RICHARD PIERIS EXPORTS PLC,RICHARD PIERIS EXPORTS PLC,LISTED_COMPANY,REXP,771.0,Capital Goods,Capital Goods,Main Board,active,
COMPANY::KGAL,KEGALLE PLANTATIONS PLC,KEGALLE PLANTATIONS PLC,LISTED_COMPANY,KGAL,711.0,Food Beverage & Tobacco,Food Beverage & Tobacco,Main Board,active,
LISTED_COMPANY::5ba3e8ab58,FINLAYS COLOMBO PLC,FINLAYS COLOMBO PLC,LISTED_COMPANY,,,,,,,gemini-code-1777699812664.json
UNLISTED_COMPANY::4181bad7be,James Finlay Limited (UK),JAMES FINLAY LTD UK,UNLISTED_COMPANY,,,,,,,
UNLISTED_COMPANY::40bdcf1908,James Finlay Limited,JAMES FINLAY LTD,UNLISTED_COMPANY,,,,,,,
PERSON::7c7a38dfd7,Hemas Consumer Brands,HEMAS CONSUMER BRANDS,PERSON,,,,,,,
UNLISTED_COMPANY::f1173c7851,Broga Hill Investments Limited,BROGA HILL INVESTMENTS LTD,UNLISTED_COMPANY,,,,,,,
COMPANY::KHL,JOHN KEELLS HOTELS PLC,JOHN KEELLS HOTELS PLC,LISTED_COMPANY,KHL,561.0,Consumer Services,Consumer Services,Main Board,active,
LISTED_COMPANY::65644de5c1,THE COLOMBO FORT LAND & BUILDING PLC,THE COLOMBO FORT LAND AND BUILDING PLC,LISTED_COMPANY,,,,,,,gemini-code-1777699812664.json
COMPANY::DIPD,DIPPED PRODUCTS PLC,DIPPED PRODUCTS PLC,LISTED_COMPANY,DIPD,670.0,Materials,Materials,Main Board,active,
COMPANY::ASIR,ASIRI HOSPITAL HOLDINGS PLC,ASIRI HOSPITAL HOLDINGS PLC,LISTED_COMPANY,ASIR,512.0,Health Care Equipment & Services,Health Care Equipment & Services,Second Board,active,gemini-code-1777699812664.json
COMPANY::SHL,SOFTLOGIC HOLDINGS PLC,SOFTLOGIC HOLDINGS PLC,LISTED_COMPANY,SHL,1075.0,Capital Goods,Capital Goods,Main Board,active,
COMPANY::AMSL,ASIRI SURGICAL HOSPITAL PLC,ASIRI SURGICAL HOSPITAL PLC,LISTED_COMPANY,AMSL,513.0,Health Care Equipment & Services,Health Care Equipment & Services,Main Board,active,
COMPANY::LHCL,THE LANKA HOSPITALS CORPORATION PLC,THE LANKA HOSPITALS CORPORATION PLC,LISTED_COMPANY,LHCL,516.0,Health Care Equipment & Services,Health Care Equipment & Services,Main Board,active,gemini-code-1777699812664.json
GOVERNMENT::896d86dc28,Sri Lanka Insurance Corporation Ltd,SRI LANKA INSURANCE CORPORATION LTD,GOVERNMENT,,,,,,,
UNLISTED_COMPANY::eff62f08d1,Sri Lanka Insurance Corporation Ltd,SRI LANKA INSURANCE CORPORATION LTD,UNLISTED_COMPANY,,,,,,,
UNLISTED_COMPANY::c7f9d0f628,Lanka Hospitals Diagnostics (Pvt) Ltd,LANKA HOSPITALS DIAGNOSTICS PVT LTD,UNLISTED_COMPANY,,,,,,,
COMPANY::CHL,CEYLON HOSPITALS PLC (DURDANS),CEYLON HOSPITALS PLC DURDANS,LISTED_COMPANY,CHL,514.0,Health Care Equipment & Services,Health Care Equipment & Services,Main Board,active,gemini-code-1777699812664.json
UNLISTED_COMPANY::5eb8b2ba78,Durdans Medical and Surgical Hospital (Pvt) Ltd,DURDANS MEDICAL AND SURGICAL HOSPITAL PVT LTD,UNLISTED_COMPANY,,,,,,,
COMPANY::PALM,PALM GARDEN HOTELS PLC,PALM GARDEN HOTELS PLC,LISTED_COMPANY,PALM,529.0,Consumer Services,Consumer Services,Main Board,active,gemini-code-1777699812664.json
COMPANY::BIL,BROWNS INVESTMENTS PLC,BROWNS INVESTMENTS PLC,LISTED_COMPANY,BIL,1077.0,Capital Goods,Capital Goods,Main Board,active,
COMPANY::EDEN,EDEN HOTEL LANKA PLC,EDEN HOTEL LANKA PLC,LISTED_COMPANY,EDEN,533.0,Consumer Services,Consumer Services,Main Board,active,
COMPANY::BBH,BROWNS BEACH HOTELS PLC,BROWNS BEACH HOTELS PLC,LISTED_COMPANY,BBH,525.0,Consumer Services,Consumer Services,Main Board,active,gemini-code-1777699812664.json
COMPANY::CONN,HAYLEYS LEISURE PLC,HAYLEYS LEISURE PLC,LISTED_COMPANY,CONN,532.0,Consumer Services,Consumer Services,Main Board,active,gemini-code-1777699812664.json
COMPANY::SERV,THE KINGSBURY PLC,THE KINGSBURY PLC,LISTED_COMPANY,SERV,543.0,Consumer Services,Consumer Services,Main Board,active,
LISTED_COMPANY::7dbf8df891,THE FORTRESS RESORTS PLC,THE FORTRESS RESORTS PLC,LISTED_COMPANY,,,,,,,gemini-code-1777699812664.json
COMPANY::GHLL,GALADARI HOTELS (LANKA) PLC,GALADARI HOTELS LANKA PLC,LISTED_COMPANY,GHLL,541.0,Consumer Services,Consumer Services,Main Board,active,gemini-code-1777699812664.json
UNLISTED_COMPANY::c5d9eaa3c4,Galadari Brothers Co. LLC,GALADARI BROTHERS CO LLC,UNLISTED_COMPANY,,,,,,,
PERSON::aff9eb06c9,Galadari Brothers Co. LLC,GALADARI BROTHERS CO LLC,PERSON,,,,,,,
LISTED_COMPANY::c726778227,HOTEL DEVELOPERS (LANKA) PLC,HOTEL DEVELOPERS LANKA PLC,LISTED_COMPANY,,,,,,,gemini-code-1777699812664.json
COMPANY::HSIG,HOTEL SIGIRIYA PLC,HOTEL SIGIRIYA PLC,LISTED_COMPANY,HSIG,544.0,Consumer Services,Consumer Services,Main Board,active,gemini-code-1777699812664.json
COMPANY::CHOT,CEYLON HOTELS CORPORATION PLC,CEYLON HOTELS CORPORATION PLC,LISTED_COMPANY,CHOT,545.0,Consumer Services,Consumer Services,Main Board,active,gemini-code-1777699812664.json
UNLISTED_COMPANY::bd97edb4dc,Galle Face Hotel Group,GALLE FACE HOTEL GROUP,UNLISTED_COMPANY,,,,,,,
PERSON::5c928988ad,Galle Face Hotel Group,GALLE FACE HOTEL GROUP,PERSON,,,,,,,
COMPANY::KHC,THE KANDY HOTELS COMPANY (1938) PLC,THE KANDY HOTELS COMPANY 1938 PLC,LISTED_COMPANY,KHC,547.0,Consumer Services,Consumer Services,Main Board,active,
COMPANY::HUNA,HUNAS HOLDINGS PLC,HUNAS HOLDINGS PLC,LISTED_COMPANY,HUNA,546.0,Capital Goods,Capital Goods,Main Board,active,gemini-code-1777699812664.json
UNLISTED_COMPANY::cfa49ca659,Serenity Group,SERENITY GROUP,UNLISTED_COMPANY,,,,,,,
PERSON::c1aaa8535c,Serenity Group,SERENITY GROUP,PERSON,,,,,,,
COMPANY::LHL,THE LIGHTHOUSE HOTEL PLC,THE LIGHTHOUSE HOTEL PLC,LISTED_COMPANY,LHL,562.0,Consumer Services,Consumer Services,Main Board,active,gemini-code-1777699812664.json
UNLISTED_COMPANY::d29299313a,Jetwing Hotels Management Services (Pvt) Ltd,JETWING HOTELS MANAGEMENT SERVICES PVT LTD,UNLISTED_COMPANY,,,,,,,
COMPANY::MRH,MAHAWELI REACH HOTELS PLC,MAHAWELI REACH HOTELS PLC,LISTED_COMPANY,MRH,563.0,Consumer Services,Consumer Services,Main Board,active,gemini-code-1777699812664.json
UNLISTED_COMPANY::53425eb484,Universal Enterprises Pvt Ltd,UNIVERSAL ENTERPRISES PVT LTD,UNLISTED_COMPANY,,,,,,,
COMPANY::TRAN,TRANS ASIA HOTELS PLC,TRANS ASIA HOTELS PLC,LISTED_COMPANY,TRAN,606.0,Consumer Services,Consumer Services,Main Board,active,
COMPANY::AHPL,ASIAN HOTELS & PROPERTIES PLC,ASIAN HOTELS AND PROPERTIES PLC,LISTED_COMPANY,AHPL,690.0,Consumer Services,Consumer Services,Second Board,active,
COMPANY::NEH,THE NUWARA ELIYA HOTELS COMPANY PLC,THE NUWARA ELIYA HOTELS COMPANY PLC,LISTED_COMPANY,NEH,566.0,Consumer Services,Consumer Services,Main Board,active,gemini-code-1777699812664.json
COMPANY::MERC,MERCANTILE INVESTMENTS AND FINANCE PLC,MERCANTILE INVESTMENTS AND FINANCE PLC,LISTED_COMPANY,MERC,1064.0,Diversified Financials,Diversified Financials,Dirisavi Board,active,
COMPANY::PEG,PEGASUS HOTELS OF CEYLON PLC,PEGASUS HOTELS OF CEYLON PLC,LISTED_COMPANY,PEG,567.0,Consumer Services,Consumer Services,Main Board,active,gemini-code-1777699812664.json
COMPANY::LWL,LANKA WALLTILES PLC,LANKA WALLTILES PLC,LISTED_COMPANY,LWL,678.0,Capital Goods,Capital Goods,Main Board,active,gemini-code-1777700218724.json
COMPANY::RCL,ROYAL CERAMICS LANKA PLC,ROYAL CERAMICS LANKA PLC,LISTED_COMPANY,RCL,683.0,Capital Goods,Capital Goods,Main Board,active,
COMPANY::TILE,LANKA TILES PLC,LANKA TILES PLC,LISTED_COMPANY,TILE,677.0,Capital Goods,Capital Goods,Main Board,active,
COMPANY::CERA,LANKA CERAMIC PLC,LANKA CERAMIC PLC,LISTED_COMPANY,CERA,676.0,Capital Goods,Capital Goods,Main Board,active,
COMPANY::LALU,LANKA ALUMINIUM INDUSTRIES PLC,LANKA ALUMINIUM INDUSTRIES PLC,LISTED_COMPANY,LALU,674.0,Capital Goods,Capital Goods,Main Board,active,gemini-code-1777700218724.json
UNLISTED_COMPANY::6e2ecfc7f6,Clovis Company Limited,CLOVIS COMPANY LTD,UNLISTED_COMPANY,,,,,,,
COMPANY::CARE,PRINTCARE PLC,PRINTCARE PLC,LISTED_COMPANY,CARE,681.0,Commercial & Professional Services,Commercial & Professional Services,Main Board,active,gemini-code-1777700218724.json
UNLISTED_COMPANY::2a6ddfe1ab,MJF Holdings,MJF HOLDINGS,UNLISTED_COMPANY,,,,,,,
COMPANY::REG,REGNIS(LANKA) PLC,REGNIS LANKA PLC,LISTED_COMPANY,REG,682.0,Consumer Durables & Apparel,Consumer Durables & Apparel,Main Board,active,gemini-code-1777700218724.json
COMPANY::SINS,SINGER (SRI LANKA) PLC,SINGER (SRI LANKA) PLC,LISTED_COMPANY,SINS,772.0,Retailing,Retailing,Main Board,active,
COMPANY::SINI,SINGER INDUSTRIES (CEYLON) PLC,SINGER INDUSTRIES CEYLON PLC,LISTED_COMPANY,SINI,686.0,Consumer Durables & Apparel,Consumer Durables & Apparel,Main Board,active,gemini-code-1777700218724.json
COMPANY::SIRA,SIERRA CABLES PLC,SIERRA CABLES PLC,LISTED_COMPANY,SIRA,685.0,Capital Goods,Capital Goods,Main Board,active,gemini-code-1777700218724.json
COMPANY::SWAD,SWADESHI INDUSTRIAL WORKS PLC,SWADESHI INDUSTRIAL WORKS PLC,LISTED_COMPANY,SWAD,687.0,Household & Personal Products,Household & Personal Products,Main Board,active,gemini-code-1777700218724.json
PERSON::536e71c8a2,Ms. A. M. Wijewardene,A M WIJEWARDENE,PERSON,,,,,,,
LISTED_COMPANY::bd28f054ab,SAMSON INTERNATIONAL PLC,SAMSON INTERNATIONAL PLC,LISTED_COMPANY,,,,,,,gemini-code-1777700218724.json
UNLISTED_COMPANY::60b0af7c5e,DSI Samson Group,DSI SAMSON GROUP,UNLISTED_COMPANY,,,,,,,
PERSON::40e3056cf3,DSI Samson Group,DSI SAMSON GROUP,PERSON,,,,,,,
COMPANY::ALUF,UNISYST ENGINEERING PLC,UNISYST ENGINEERING PLC,LISTED_COMPANY,ALUF,689.0,Capital Goods,Capital Goods,Main Board,active,gemini-code-1777700218724.json
UNLISTED_COMPANY::b799d32e38,Hayleys Advantis Limited,HAYLEYS ADVANTIS LTD,UNLISTED_COMPANY,,,,,,,
COMPANY::INDO,INDO MALAY PLC,INDO MALAY PLC,LISTED_COMPANY,INDO,701.0,Food Beverage & Tobacco,Food Beverage & Tobacco,Main Board,active,gemini-code-1777700218724.json
COMPANY::TKYO,TOKYO CEMENT COMPANY (LANKA) PLC,TOKYO CEMENT COMPANY LANKA PLC,LISTED_COMPANY,TKYO,688.0,Materials,Materials,Main Board,active,gemini-code-1777700218724.json
UNLISTED_COMPANY::4dc8f03341,Nippon Coke & Engineering Co. Ltd,NIPPON COKE AND ENGINEERING CO LTD,UNLISTED_COMPANY,,,,,,,
UNLISTED_COMPANY::c207dd3839,St. Anthony's Consolidated (Pvt) Ltd,ST ANTHONY'S CONSOLIDATED PVT LTD,UNLISTED_COMPANY,,,,,,,
UNLISTED_COMPANY::a798459b0b,Fuji Cement Company (Lanka) Limited,FUJI CEMENT COMPANY LANKA LTD,UNLISTED_COMPANY,,,,,,,
COMPANY::SELI,SELINSING PLC,SELINSING PLC,LISTED_COMPANY,SELI,702.0,Food Beverage & Tobacco,Food Beverage & Tobacco,Main Board,active,gemini-code-1777700218724.json
LISTED_COMPANY::e6b70dfd09,C M HOLDINGS PLC,C M HOLDINGS PLC,LISTED_COMPANY,,,,,,,gemini-code-1777700218724.json
UNLISTED_COMPANY::6dd3834383,Colonial Motors (Ceylon) Ltd,COLONIAL MOTORS CEYLON LTD,UNLISTED_COMPANY,,,,,,,
COMPANY::ASHO,LANKA ASHOK LEYLAND PLC,LANKA ASHOK LEYLAND PLC,LISTED_COMPANY,ASHO,695.0,Capital Goods,Capital Goods,Main Board,active,gemini-code-1777700218724.json
UNLISTED_COMPANY::657971d1be,Ashok Leyland Limited (India),ASHOK LEYLAND LTD INDIA,UNLISTED_COMPANY,,,,,,,
COMPANY::SHAL,SHALIMAR (MALAY) PLC,SHALIMAR MALAY PLC,LISTED_COMPANY,SHAL,703.0,Food Beverage & Tobacco,Food Beverage & Tobacco,Main Board,active,gemini-code-1777700218724.json
COMPANY::BOPL,BOGAWANTALAWA TEA ESTATES PLC,BOGAWANTALAWA TEA ESTATES PLC,LISTED_COMPANY,BOPL,706.0,Food Beverage & Tobacco,Food Beverage & Tobacco,Main Board,active,gemini-code-1777700218724.json
UNLISTED_COMPANY::d00f3be584,Metropolitan Resource Holdings PLC,METROPOLITAN RESOURCE HOLDINGS PLC,UNLISTED_COMPANY,,,,,,,
COMPANY::SMOT,SATHOSA MOTORS PLC,SATHOSA MOTORS PLC,LISTED_COMPANY,SMOT,696.0,Capital Goods,Capital Goods,Main Board,active,gemini-code-1777700218724.json
COMPANY::AEL,ACCESS ENGINEERING PLC,ACCESS ENGINEERING PLC,LISTED_COMPANY,AEL,1141.0,Capital Goods,Capital Goods,Second Board,active,
COMPANY::AGAL,AGALAWATTE PLANTATIONS PLC,AGALAWATTE PLANTATIONS PLC,LISTED_COMPANY,AGAL,704.0,Food Beverage & Tobacco,Food Beverage & Tobacco,Main Board,active,gemini-code-1777700218724.json
UNLISTED_COMPANY::4e43265794,Damro Group,DAMRO GROUP,UNLISTED_COMPANY,,,,,,,
PERSON::13dbf66c95,Damro Group,DAMRO GROUP,PERSON,,,,,,,
COMPANY::UML,UNITED MOTORS LANKA PLC,UNITED MOTORS LANKA PLC,LISTED_COMPANY,UML,697.0,Capital Goods,Capital Goods,Main Board,active,gemini-code-1777700218724.json
COMPANY::RIL,R I L PROPERTY PLC,R I L PROPERTY PLC,LISTED_COMPANY,RIL,1544.0,Real Estate,Real Estate,Main Board,active,
UNLISTED_COMPANY::0670390e12,Unimo Enterprises Ltd,UNIMO ENTERPRISES LTD,UNLISTED_COMPANY,,,,,,,
COMPANY::DIMO,DIESEL & MOTOR ENGINEERING PLC,DIESEL AND MOTOR ENGINEERING PLC,LISTED_COMPANY,DIMO,694.0,Capital Goods,Capital Goods,Main Board,active,gemini-code-1777700218724.json
UNLISTED_COMPANY::8e1e76f188,Amaliya (Pvt) Ltd,AMALIYA PVT LTD,UNLISTED_COMPANY,,,,,,,
COMPANY::HOPL,HORANA PLANTATIONS PLC,HORANA PLANTATIONS PLC,LISTED_COMPANY,HOPL,709.0,Food Beverage & Tobacco,Food Beverage & Tobacco,Main Board,active,gemini-code-1777700218724.json
UNLISTED_COMPANY::fb738e8f06,Vallibel Plantation Management Limited,VALLIBEL PLANTATION MANAGEMENT LTD,UNLISTED_COMPANY,,,,,,,
COMPANY::CFVF,FIRST CAPITAL HOLDINGS PLC,FIRST CAPITAL HOLDINGS PLC,LISTED_COMPANY,CFVF,698.0,Diversified Financials,Diversified Financials,Main Board,active,gemini-code-1777700218724.json
UNLISTED_COMPANY::5d6ae61340,Janashakthi PLC,JANASHAKTHI PLC,UNLISTED_COMPANY,,,,,,,
COMPANY::FCT,FIRST CAPITAL TREASURIES PLC,FIRST CAPITAL TREASURIES PLC,LISTED_COMPANY,FCT,1426.0,Diversified Financials,Diversified Financials,Main Board,active,
LISTED_COMPANY::52042b7602,ELPITIYA PLANTATIONS PLC,ELPITIYA PLANTATIONS PLC,LISTED_COMPANY,,,,,,,gemini-code-1777700218724.json
COMPANY::ASPM,AITKEN SPENCE PLANTATION MANAGEMENTS PLC,AITKEN SPENCE PLANTATION MANAGEMENTS PLC,LISTED_COMPANY,ASPM,1267.0,Food Beverage & Tobacco,Food Beverage & Tobacco,Main Board,active,
COMPANY::BALA,BALANGODA PLANTATIONS PLC,BALANGODA PLANTATIONS PLC,LISTED_COMPANY,BALA,705.0,Food Beverage & Tobacco,Food Beverage & Tobacco,Main Board,active,gemini-code-1777700218724.json
COMPANY::KVAL,KELANI VALLEY PLANTATIONS PLC,KELANI VALLEY PLANTATIONS PLC,LISTED_COMPANY,KVAL,712.0,Food Beverage & Tobacco,Food Beverage & Tobacco,Main Board,active,gemini-code-1777700218724.json
UNLISTED_COMPANY::41df0b4003,RPC Plantation Management Services (Pvt) Ltd,RPC PLANTATION MANAGEMENT SERVICES PVT LTD,UNLISTED_COMPANY,,,,,,,
COMPANY::HAPU,HAPUGASTENNE PLANTATIONS PLC,HAPUGASTENNE PLANTATIONS PLC,LISTED_COMPANY,HAPU,708.0,Food Beverage & Tobacco,Food Beverage & Tobacco,Main Board,active,gemini-code-1777700218724.json
UNLISTED_COMPANY::aa769400ad,Browns Plantations,BROWNS PLANTATIONS,UNLISTED_COMPANY,,,,,,,
PERSON::f1f3bd9f9e,Browns Plantations,BROWNS PLANTATIONS,PERSON,,,,,,,
COMPANY::KAHA,KAHAWATTE PLANTATIONS PLC,KAHAWATTE PLANTATIONS PLC,LISTED_COMPANY,KAHA,710.0,Food Beverage & Tobacco,Food Beverage & Tobacco,Main Board,active,gemini-code-1777700218724.json
UNLISTED_COMPANY::a57862814e,Forbes & Walker Ltd / MJF Group,FORBES AND WALKER LTD MJF GROUP,UNLISTED_COMPANY,,,,,,,
PERSON::1b7b5b1ca5,MJF Group,MJF GROUP,PERSON,,,,,,,
COMPANY::AUTO,THE AUTODROME PLC,THE AUTODROME PLC,LISTED_COMPANY,AUTO,692.0,Retailing,Retailing,Main Board,active,gemini-code-1777700218724.json
COMPANY::KOTA,KOTAGALA PLANTATIONS PLC,KOTAGALA PLANTATIONS PLC,LISTED_COMPANY,KOTA,713.0,Food Beverage & Tobacco,Food Beverage & Tobacco,Main Board,active,gemini-code-1777700218724.json
UNLISTED_COMPANY::d272e6d6f0,Consolidated Tea Plantations Ltd,CONSOLIDATED TEA PLANTATIONS LTD,UNLISTED_COMPANY,,,,,,,
COMPANY::MAL,MALWATTE VALLEY PLANTATIONS PLC,MALWATTE VALLEY PLANTATIONS PLC,LISTED_COMPANY,MAL,722.0,Food Beverage & Tobacco,Food Beverage & Tobacco,Main Board,active,gemini-code-1777700218724.json
UNLISTED_COMPANY::adf6b1e26a,Wayamba Plantation (Pvt) Ltd,WAYAMBA PLANTATION PVT LTD,UNLISTED_COMPANY,,,,,,,
COMPANY::LIOC,LANKA IOC PLC,LANKA IOC PLC,LISTED_COMPANY,LIOC,729.0,Energy,Energy,Main Board,active,gemini-code-1777700218724.json
UNLISTED_COMPANY::cc7b5c590e,Indian Oil Corporation Limited,INDIAN OIL CORPORATION LTD,UNLISTED_COMPANY,,,,,,,
LISTED_COMPANY::a151a990fe,JOHN KEELLS PLC,JOHN KEELLS PLC,LISTED_COMPANY,,,,,,,gemini-code-1777700218724.json
COMPANY::MASK,MASKELIYA PLANTATIONS PLC,MASKELIYA PLANTATIONS PLC,LISTED_COMPANY,MASK,723.0,Food Beverage & Tobacco,Food Beverage & Tobacco,Main Board,active,gemini-code-1777700218724.json
UNLISTED_COMPANY::2b3950d808,RPC Management Services (Pvt) Ltd,RPC MANAGEMENT SERVICES PVT LTD,UNLISTED_COMPANY,,,,,,,
LISTED_COMPANY::e08846534f,UDAPUSSELLAWA PLANTATIONS PLC,UDAPUSSELLAWA PLANTATIONS PLC,LISTED_COMPANY,,,,,,,gemini-code-1777700218724.json
LISTED_COMPANY::a9ad6eb25e,TALAWAKELLE TEA ESTATES PLC,TALAWAKELLE TEA ESTATES PLC,LISTED_COMPANY,,,,,,,gemini-code-1777700218724.json
UNLISTED_COMPANY::2fdf7ef8b4,Hayleys Plantation Services (Private) Limited,HAYLEYS PLANTATION SERVICES PVT LTD,UNLISTED_COMPANY,,,,,,,
LISTED_COMPANY::96204b2144,LAKE HOUSE PRINTERS AND PUBLISHERS PLC,LAKE HOUSE PRINTERS AND PUBLISHERS PLC,LISTED_COMPANY,,,,,,,gemini-code-1777700218724.json
PERSON::421328865c,R. S. Wijewardene,R S WIJEWARDENE,PERSON,,,,,,,
COMPANY::MADU,MADULSIMA PLANTATIONS PLC,MADULSIMA PLANTATIONS PLC,LISTED_COMPANY,MADU,721.0,Food Beverage & Tobacco,Food Beverage & Tobacco,Main Board,active,gemini-code-1777700218724.json
COMPANY::WATA,WATAWALA PLANTATIONS PLC,WATAWALA PLANTATIONS PLC,LISTED_COMPANY,WATA,728.0,Food Beverage & Tobacco,Food Beverage & Tobacco,Main Board,active,gemini-code-1777700218724.json
UNLISTED_COMPANY::7136a49acc,Estate Management Services (Pvt) Ltd,ESTATE MANAGEMENT SERVICES PVT LTD,UNLISTED_COMPANY,,,,,,,
COMPANY::NAMU,NAMUNUKULA PLANTATIONS PLC,NAMUNUKULA PLANTATIONS PLC,LISTED_COMPANY,NAMU,725.0,Food Beverage & Tobacco,Food Beverage & Tobacco,Main Board,active,gemini-code-1777700218724.json
COMPANY::PARA,PARAGON CEYLON PLC,PARAGON CEYLON PLC,LISTED_COMPANY,PARA,743.0,Commercial & Professional Services,Commercial & Professional Services,Main Board,active,gemini-code-1777700218724.json
COMPANY::GEST,GESTETNER OF CEYLON PLC,GESTETNER OF CEYLON PLC,LISTED_COMPANY,GEST,746.0,Commercial & Professional Services,Commercial & Professional Services,Main Board,active,gemini-code-1777700218724.json
UNLISTED_COMPANY::b8d87ef745,Gestetner Group,GESTETNER GROUP,UNLISTED_COMPANY,,,,,,,
PERSON::7cec3b34f5,Gestetner Group,GESTETNER GROUP,PERSON,,,,,,,
LISTED_COMPANY::4a6f2e8055,ABANS FINANCE PLC,ABANS FINANCE PLC,LISTED_COMPANY,,,,,,,gemini-code-1777700641883.json
COMPANY::TJL,TEEJAY LANKA PLC,TEEJAY LANKA PLC,LISTED_COMPANY,TJL,1080.0,Consumer Durables & Apparel,Consumer Durables & Apparel,Main Board,active,gemini-code-1777700641883.json
UNLISTED_COMPANY::6bad576cb8,Brandix Lanka Limited,BRANDIX LANKA LTD,UNLISTED_COMPANY,,,,,,,
UNLISTED_COMPANY::22f16ce0b3,Pacific Textured Jersey Holdings Ltd,PACIFIC TEXTURED JERSEY HOLDINGS LTD,UNLISTED_COMPANY,,,,,,,
LISTED_COMPANY::76c4ec25a6,JANASHAKTHI FINANCE PLC,JANASHAKTHI FINANCE PLC,LISTED_COMPANY,,,,,,,gemini-code-1777700641883.json
PERSON::f4d0a15f7f,A. K. Pathirage,ASHOK PATHIRAGE,PERSON,,,,,,,
LISTED_COMPANY::708e2a2d38,LOLC DEVELOPMENT FINANCE PLC,LOLC DEVELOPMENT FINANCE PLC,LISTED_COMPANY,,,,,,,gemini-code-1777700641883.json
LISTED_COMPANY::94f00b23f5,CENTRAL INVESTMENTS & FINANCE PLC,CENTRAL INVESTMENTS AND FINANCE PLC,LISTED_COMPANY,,,,,,,gemini-code-1777700641883.json
COMPANY::PLC,PEOPLE'S LEASING & FINANCE PLC,PEOPLE'S LEASING AND FINANCE PLC,LISTED_COMPANY,PLC,1103.0,Diversified Financials,Diversified Financials,Main Board,active,gemini-code-1777700641883.json
GOVERNMENT::914dd36f9e,People's Bank,PEOPLE'S BANK,GOVERNMENT,,,,,,,
UNLISTED_COMPANY::fa37dc8f42,People's Bank,PEOPLE'S BANK,UNLISTED_COMPANY,,,,,,,
COMPANY::PINS,PEOPLE'S INSURANCE PLC,PEOPLE'S INSURANCE PLC,LISTED_COMPANY,PINS,1465.0,Insurance,Insurance,Main Board,active,
COMPANY::CRL,SOFTLOGIC FINANCE PLC,SOFTLOGIC FINANCE PLC,LISTED_COMPANY,CRL,863.0,Diversified Financials,Diversified Financials,Main Board,active,
LISTED_COMPANY::c244ec18c1,DFCC VARDHANA BANK PLC,DFCC VARDHANA BANK PLC,LISTED_COMPANY,,,,,,,gemini-code-1777700641883.json
LISTED_COMPANY::32522f52e3,TRADE FINANCE & INVESTMENTS PLC,TRADE FINANCE AND INVESTMENTS PLC,LISTED_COMPANY,,,,,,,gemini-code-1777700641883.json
COMPANY::COCR,COMMERCIAL CREDIT AND FINANCE PLC,COMMERCIAL CREDIT AND FINANCE PLC,LISTED_COMPANY,COCR,1063.0,Diversified Financials,Diversified Financials,Main Board,active,
LISTED_COMPANY::74d6004c48,ENTRUST SECURITIES PLC,ENTRUST SECURITIES PLC,LISTED_COMPANY,,,,,,,gemini-code-1777700641883.json
LISTED_COMPANY::6d221bb2ae,PC PHARMA PLC,PC PHARMA PLC,LISTED_COMPANY,,,,,,,gemini-code-1777700641883.json
COMPANY::CITW,WASKADUWA BEACH RESORT PLC,WASKADUWA BEACH RESORT PLC,LISTED_COMPANY,CITW,1106.0,Consumer Services,Consumer Services,Dirisavi Board,active,gemini-code-1777700641883.json
COMPANY::REEF,CITRUS LEISURE PLC,CITRUS LEISURE PLC,LISTED_COMPANY,REEF,568.0,Consumer Services,Consumer Services,Main Board,active,
LISTED_COMPANY::db40ca692f,KALPITIYA BEACH RESORT PLC,KALPITIYA BEACH RESORT PLC,LISTED_COMPANY,,,,,,,gemini-code-1777700641883.json
COMPANY::AAF,ASIA ASSET FINANCE PLC,ASIA ASSET FINANCE PLC,LISTED_COMPANY,AAF,1108.0,Diversified Financials,Diversified Financials,Dirisavi Board,active,gemini-code-1777700641883.json
UNLISTED_COMPANY::0fade1e2c3,Muthoot Finance Limited,MUTHOOT FINANCE LTD,UNLISTED_COMPANY,,,,,,,
COMPANY::AGST,AGSTAR PLC,AGSTAR PLC,LISTED_COMPANY,AGST,1121.0,Materials,Materials,Main Board,active,gemini-code-1777700641883.json
PERSON::c02384b0f6,S. J. S. Perera,SUMAL PERERA,PERSON,,,,,,,
COMPANY::RFL,RAMBODA FALLS PLC,RAMBODA FALLS PLC,LISTED_COMPANY,RFL,1185.0,Consumer Services,Consumer Services,Main Board,active,gemini-code-1777700641883.json
PERSON::19c776d69b,L. S. Sigera,L S SIGERA,PERSON,,,,,,,
LISTED_COMPANY::c74ccadde6,ADAM CAPITAL PLC,ADAM CAPITAL PLC,LISTED_COMPANY,,,,,,,gemini-code-1777700641883.json
COMPANY::ORIN,ORIENT FINANCE PLC REMOVED,ORIENT FINANCE PLC REMOVED,LISTED_COMPANY,ORIN,1184.0,Diversified Financials,Diversified Financials,Dirisavi Board,active,gemini-code-1777700641883.json
LISTED_COMPANY::ca202137e7,COMMERCIAL LEASING & FINANCE PLC,COMMERCIAL LEASING AND FINANCE PLC,LISTED_COMPANY,,,,,,,gemini-code-1777700641883.json
COMPANY::SDB,SANASA DEVELOPMENT BANK PLC,SANASA DEVELOPMENT BANK PLC,LISTED_COMPANY,SDB,1182.0,Banks,Banks,Main Board,active,gemini-code-1777700641883.json
UNLISTED_COMPANY::4a452fb459,SBI Emerging Asia Financial Sector Fund Pte. Ltd,SBI EMERGING ASIA FINANCIAL SECTOR FUND PTE LTD,UNLISTED_COMPANY,,,,,,,
UNLISTED_COMPANY::c01f1294f5,Nederlandse Financierings-Maatschappij Voor Ontwikkelingslanden N.V. (FMO),NEDERLANDSE FINANCIERINGS-MAATSCHAPPIJ VOOR ONTWIKKELINGSLANDEN N V FMO,UNLISTED_COMPANY,,,,,,,
COMPANY::TAP,AMBEON CAPITAL PLC,AMBEON CAPITAL PLC,LISTED_COMPANY,TAP,1181.0,Diversified Financials,Diversified Financials,Dirisavi Board,active,gemini-code-1777700641883.json
UNLISTED_COMPANY::08c4a7ff14,CHC Investment (Pvt) Ltd,CHC INVESTMENT PVT LTD,UNLISTED_COMPANY,,,,,,,
COMPANY::GREG,AMBEON HOLDINGS PLC,AMBEON HOLDINGS PLC,LISTED_COMPANY,GREG,782.0,Capital Goods,Capital Goods,Main Board,active,
COMPANY::BERU,BERUWALA RESORTS PLC,BERUWALA RESORTS PLC,LISTED_COMPANY,BERU,1201.0,Consumer Services,Consumer Services,Main Board,active,gemini-code-1777700641883.json
LISTED_COMPANY::6d5a8dd4fc,ASIA SIYAKA COMMODITIES PLC,ASIA SIYAKA COMMODITIES PLC,LISTED_COMPANY,,,,,,,gemini-code-1777700641883.json
UNLISTED_COMPANY::702a036013,Lanka Commodity Brokers,LANKA COMMODITY BROKERS,UNLISTED_COMPANY,,,,,,,
PERSON::d2884a05a0,Lanka Commodity Brokers,LANKA COMMODITY BROKERS,PERSON,,,,,,,
LISTED_COMPANY::a040084a13,PRIME FINANCE PLC,PRIME FINANCE PLC,LISTED_COMPANY,,,,,,,gemini-code-1777700641883.json
COMPANY::CITH,HIKKADUWA BEACH RESORT PLC,HIKKADUWA BEACH RESORT PLC,LISTED_COMPANY,CITH,1222.0,Consumer Services,Consumer Services,Dirisavi Board,active,gemini-code-1777700641883.json
COMPANY::ALHP,ANILANA HOTELS AND PROPERTIES PLC,ANILANA HOTELS AND PROPERTIES PLC,LISTED_COMPANY,ALHP,1283.0,Consumer Services,Consumer Services,Main Board,active,gemini-code-1777700641883.json
PERSON::e9a6e1aac7,Somapala Group / Individuals,SOMAPALA GROUP INDIVIDUALS,PERSON,,,,,,,
LISTED_COMPANY::bda584b166,MILLENNIUM HOUSING DEVELOPERS PLC,MILLENNIUM HOUSING DEVELOPERS PLC,LISTED_COMPANY,,,,,,,gemini-code-1777700641883.json
UNLISTED_COMPANY::a863a845bb,Nawaloka Group,NAWALOKA GROUP,UNLISTED_COMPANY,,,,,,,
PERSON::bb37fe8350,Nawaloka Group,NAWALOKA GROUP,PERSON,,,,,,,
COMPANY::ABL,AMANA BANK PLC,AMANA BANK PLC,LISTED_COMPANY,ABL,1303.0,Banks,Banks,Second Board,active,gemini-code-1777700641883.json
UNLISTED_COMPANY::5f4128e62c,IB Growth Fund (Labuan) LLP,IB GROWTH FUND LABUAN LLP,UNLISTED_COMPANY,,,,,,,
UNLISTED_COMPANY::056596e513,Jeddah Islamic Development Bank,JEDDAH ISLAMIC DEVELOPMENT BANK,UNLISTED_COMPANY,,,,,,,
LISTED_COMPANY::96a2b3f41d,ABANS PLC,ABANS PLC,LISTED_COMPANY,,,,,,,gemini-code-1777700641883.json
PERSON::eaa27e5dd8,Abans Retail Holdings / Pestonjee Family,ABANS RETAIL HOLDINGS PESTONJEE FAMILY,PERSON,,,,,,,
COMPANY::ABAN,ABANS ELECTRICALS PLC,ABANS ELECTRICALS PLC,LISTED_COMPANY,ABAN,642.0,Consumer Durables & Apparel,Consumer Durables & Apparel,Main Board,active,
COMPANY::ALUM,ALUMEX PLC,ALUMEX PLC,LISTED_COMPANY,ALUM,1323.0,Capital Goods,Capital Goods,Main Board,active,gemini-code-1777700641883.json
COMPANY::BRR,BANSEI ROYAL RESORTS HIKKADUWA PLC,BANSEI ROYAL RESORTS HIKKADUWA PLC,LISTED_COMPANY,BRR,1322.0,Consumer Services,Consumer Services,Dirisavi Board,active,gemini-code-1777700641883.json
UNLISTED_COMPANY::ec91e6a763,Bansei Securities Co. Ltd (Japan),BANSEI SECURITIES CO LTD JAPAN,UNLISTED_COMPANY,,,,,,,
UNLISTED_COMPANY::5a441eb980,Bansei Securities Co. Ltd,BANSEI SECURITIES CO LTD,UNLISTED_COMPANY,,,,,,,
LISTED_COMPANY::7347e28eff,ADAM INVESTMENTS PLC,ADAM INVESTMENTS PLC,LISTED_COMPANY,,,,,,,gemini-code-1777700641883.json
LISTED_COMPANY::49a9105ec8,LUCKY LANKA MILK PROCESSING COMPANY PLC,LUCKY LANKA MILK PROCESSING COMPANY PLC,LISTED_COMPANY,,,,,,,gemini-code-1777700641883.json
LISTED_COMPANY::355321fd3c,JANASHAKTHI PLC,JANASHAKTHI PLC,LISTED_COMPANY,,,,,,,gemini-code-1777700641883.json
PERSON::677785f13a,Schaffter Family,SCHAFFTER FAMILY,PERSON,,,,,,,
COMPANY::JINS,JANASHAKTHI INSURANCE PLC,JANASHAKTHI INSURANCE PLC,LISTED_COMPANY,JINS,841.0,Insurance,Insurance,Main Board,active,
COMPANY::AINS,ARPICO INSURANCE PLC,ARPICO INSURANCE PLC,LISTED_COMPANY,AINS,1405.0,Insurance,Insurance,Dirisavi Board,active,gemini-code-1777700641883.json
LISTED_COMPANY::29e417fd2a,SIYAPATHA FINANCE PLC,SIYAPATHA FINANCE PLC,LISTED_COMPANY,,,,,,,gemini-code-1777700641883.json
LISTED_COMPANY::f7ecef1789,PRADESHIYA SANWARDANA BANK,PRADESHIYA SANWARDANA BANK,LISTED_COMPANY,,,,,,,gemini-code-1777700641883.json
COMPANY::SINH,SINGHE HOSPITALS PLC,SINGHE HOSPITALS PLC,LISTED_COMPANY,SINH,1444.0,Health Care Equipment & Services,Health Care Equipment & Services,Dirisavi Board,active,gemini-code-1777700641883.json
PERSON::913fa5908e,A. M. W. Navinda,A M W NAVINDA,PERSON,,,,,,,
LISTED_COMPANY::18706cb881,SENFIN SECURITIES LIMITED,SENFIN SECURITIES LTD,LISTED_COMPANY,,,,,,,gemini-code-1777700641883.json
COMPANY::BPPL,B P P L HOLDINGS PLC,B P P L HOLDINGS PLC,LISTED_COMPANY,BPPL,1524.0,Capital Goods,Capital Goods,Main Board,active,gemini-code-1777700641883.json
UNLISTED_COMPANY::4e73f57202,Infinity Capital (Pvt) Ltd,INFINITY CAPITAL PVT LTD,UNLISTED_COMPANY,,,,,,,
UNLISTED_COMPANY::c8122fcacd,Eco Spindles (Pvt) Ltd,ECO SPINDLES PVT LTD,UNLISTED_COMPANY,,,,,,,
COMPANY::MARA,MARAWILA RESORTS PLC,MARAWILA RESORTS PLC,LISTED_COMPANY,MARA,564.0,Consumer Services,Consumer Services,Dirisavi Board,active,gemini-code-1777700021467.json
UNLISTED_COMPANY::e6e366a44e,George Steuart & Company Limited,GEORGE STEUART AND COMPANY LTD,UNLISTED_COMPANY,,,,,,,
COMPANY::RENU,RENUKA CITY HOTEL PLC,RENUKA CITY HOTEL PLC,LISTED_COMPANY,RENU,569.0,Consumer Services,Consumer Services,Main Board,active,gemini-code-1777700021467.json
UNLISTED_COMPANY::11db081c3a,Renuka Hotels PLC,RENUKA HOTELS PLC,UNLISTED_COMPANY,,,,,,,
COMPANY::CABO,CARGO BOAT DEVELOPMENT COMPANY PLC,CARGO BOAT DEVELOPMENT COMPANY PLC,LISTED_COMPANY,CABO,615.0,Real Estate,Real Estate,Main Board,active,
COMPANY::RPBH,ROYAL PALMS BEACH HOTELS PLC,ROYAL PALMS BEACH HOTELS PLC,LISTED_COMPANY,RPBH,581.0,Consumer Services,Consumer Services,Main Board,active,gemini-code-1777700021467.json
COMPANY::TANG,TANGERINE BEACH HOTELS PLC,TANGERINE BEACH HOTELS PLC,LISTED_COMPANY,TANG,605.0,Consumer Services,Consumer Services,Main Board,active,
LISTED_COMPANY::4e33d4e362,DOLPHIN HOTELS PLC,DOLPHIN HOTELS PLC,LISTED_COMPANY,,,,,,,gemini-code-1777700021467.json
COMPANY::SHOT,SERENDIB HOTELS PLC,SERENDIB HOTELS PLC,LISTED_COMPANY,SHOT,601.0,Consumer Services,Consumer Services,Main Board,active,
COMPANY::GUAR,CEYLON GUARDIAN INVESTMENT TRUST PLC,CEYLON GUARDIAN INVESTMENT TRUST PLC,LISTED_COMPANY,GUAR,607.0,Diversified Financials,Diversified Financials,Main Board,active,gemini-code-1777700021467.json
COMPANY::CINV,CEYLON INVESTMENT PLC,CEYLON INVESTMENT PLC,LISTED_COMPANY,CINV,608.0,Diversified Financials,Diversified Financials,Main Board,active,
COMPANY::CFI,COLOMBO FORT INVESTMENTS PLC,COLOMBO FORT INVESTMENTS PLC,LISTED_COMPANY,CFI,609.0,Diversified Financials,Diversified Financials,Main Board,active,gemini-code-1777700021467.json
COMPANY::SIGV,SIGIRIYA VILLAGE HOTELS PLC,SIGIRIYA VILLAGE HOTELS PLC,LISTED_COMPANY,SIGV,602.0,Consumer Services,Consumer Services,Main Board,active,gemini-code-1777700021467.json
COMPANY::CIT,COLOMBO INVESTMENT TRUST PLC,COLOMBO INVESTMENT TRUST PLC,LISTED_COMPANY,CIT,610.0,Diversified Financials,Diversified Financials,Main Board,active,gemini-code-1777700021467.json
COMPANY::TAJ,TAL LANKA HOTELS PLC,TAL LANKA HOTELS PLC,LISTED_COMPANY,TAJ,604.0,Consumer Services,Consumer Services,Main Board,active,gemini-code-1777700021467.json
UNLISTED_COMPANY::5aa5d51545,TAL Hotels & Resorts Ltd,TAL HOTELS AND RESORTS LTD,UNLISTED_COMPANY,,,,,,,
LISTED_COMPANY::401eef3100,GALLE FACE CAPITAL PARTNERS PLC,GALLE FACE CAPITAL PARTNERS PLC,LISTED_COMPANY,,,,,,,gemini-code-1777700021467.json
UNLISTED_COMPANY::d21ad69d3b,Galle Face Group,GALLE FACE GROUP,UNLISTED_COMPANY,,,,,,,
PERSON::7e18d598e5,Galle Face Group,GALLE FACE GROUP,PERSON,,,,,,,
COMPANY::CTLD,C T LAND DEVELOPMENT PLC,C T LAND DEVELOPMENT PLC,LISTED_COMPANY,CTLD,614.0,Real Estate,Real Estate,Main Board,active,gemini-code-1777700021467.json
COMPANY::COMD,COMMERCIAL DEVELOPMENT COMPANY PLC,COMMERCIAL DEVELOPMENT COMPANY PLC,LISTED_COMPANY,COMD,619.0,Real Estate,Real Estate,Main Board,active,gemini-code-1777700021467.json
COMPANY::CLND,COLOMBO LAND & DEVELOPMENT COMPANY PLC,COLOMBO LAND AND DEVELOPMENT COMPANY PLC,LISTED_COMPANY,CLND,618.0,Real Estate,Real Estate,Main Board,active,gemini-code-1777700021467.json
GOVERNMENT::d62d1ce68f,Urban Development Authority (UDA),URBAN DEVELOPMENT AUTHORITY,GOVERNMENT,,,,,,,
COMPANY::OSEA,OVERSEAS REALTY (CEYLON) PLC,OVERSEAS REALTY CEYLON PLC,LISTED_COMPANY,OSEA,628.0,Real Estate,Real Estate,Main Board,active,gemini-code-1777700021467.json
UNLISTED_COMPANY::54f5e09cc8,Shing Kwan Investment (Singapore) Pte Ltd,SHING KWAN INVESTMENT SINGAPORE PTE LTD,UNLISTED_COMPANY,,,,,,,
PERSON::f4e12b443b,Shing Kwan Group,SHING KWAN GROUP,PERSON,,,,,,,
UNLISTED_COMPANY::774cff19f3,Mireka Capital Land (Pvt) Ltd,MIREKA CAPITAL LAND PVT LTD,UNLISTED_COMPANY,,,,,,,
LISTED_COMPANY::1570bb3ea4,EAST WEST PROPERTIES PLC,EAST WEST PROPERTIES PLC,LISTED_COMPANY,,,,,,,gemini-code-1777700021467.json
PERSON::ff2720e072,M. W. A. D. J. Nahil Wijesuriya,M W A D J NAHIL WIJESURIYA,PERSON,,,,,,,
LISTED_COMPANY::77d9fd8149,EQUITY ONE PLC,EQUITY ONE PLC,LISTED_COMPANY,,,,,,,gemini-code-1777700021467.json
COMPANY::KDL,KELSEY DEVELOPMENTS PLC,KELSEY DEVELOPMENTS PLC,LISTED_COMPANY,KDL,625.0,Real Estate,Real Estate,Dirisavi Board,active,gemini-code-1777700021467.json
COMPANY::SHAW,LEE HEDGES PLC,LEE HEDGES PLC,LISTED_COMPANY,SHAW,632.0,Real Estate,Real Estate,Main Board,active,gemini-code-1777700021467.json
UNLISTED_COMPANY::d17945c997,Lee Hedges Investments Ltd,LEE HEDGES INVESTMENTS LTD,UNLISTED_COMPANY,,,,,,,
LISTED_COMPANY::022eab4dd5,HUEJAY INTERNATIONAL INVESTMENTS PLC,HUEJAY INTERNATIONAL INVESTMENTS PLC,LISTED_COMPANY,,,,,,,gemini-code-1777700021467.json
UNLISTED_COMPANY::94f5cf6638,Huejay International Ltd,HUEJAY INTERNATIONAL LTD,UNLISTED_COMPANY,,,,,,,
COMPANY::ETWO,EQUITY TWO PLC,EQUITY TWO PLC,LISTED_COMPANY,ETWO,621.0,Real Estate,Real Estate,Main Board,active,gemini-code-1777700021467.json
UNLISTED_COMPANY::b7b5736155,Equity One PLC,EQUITY ONE PLC,UNLISTED_COMPANY,,,,,,,
COMPANY::ONAL,ON ALLY HOLDINGS PLC,ON ALLY HOLDINGS PLC,LISTED_COMPANY,ONAL,627.0,Real Estate,Real Estate,Main Board,active,gemini-code-1777700021467.json
UNLISTED_COMPANY::56b62906e3,Renuka Capital PLC,RENUKA CAPITAL PLC,UNLISTED_COMPANY,,,,,,,
COMPANY::YORK,YORK ARCADE HOLDINGS PLC,YORK ARCADE HOLDINGS PLC,LISTED_COMPANY,YORK,641.0,Real Estate,Real Estate,Main Board,active,gemini-code-1777700021467.json
COMPANY::PDL,PROPERTY DEVELOPMENT PLC,PROPERTY DEVELOPMENT PLC,LISTED_COMPANY,PDL,629.0,Real Estate,Real Estate,Main Board,active,gemini-code-1777700021467.json
GOVERNMENT::64fae9c108,Bank of Ceylon,BANK OF CEYLON,GOVERNMENT,,,,,,,
COMPANY::ACL,ACL CABLES PLC,ACL CABLES PLC,LISTED_COMPANY,ACL,644.0,Capital Goods,Capital Goods,Main Board,active,gemini-code-1777700021467.json
PERSON::562e36b0a0,U. G. Madanayake,U G MADANAYAKE,PERSON,,,,,,,
COMPANY::KCAB,KELANI CABLES PLC,KELANI CABLES PLC,LISTED_COMPANY,KCAB,672.0,Capital Goods,Capital Goods,Main Board,active,
COMPANY::APLA,ACL PLASTICS PLC,ACL PLASTICS PLC,LISTED_COMPANY,APLA,643.0,Materials,Materials,Main Board,active,
UNLISTED_COMPANY::f62be6fca9,Abans PLC,ABANS PLC,UNLISTED_COMPANY,,,,,,,
COMPANY::DPL,DANKOTUWA PORCELAIN PLC,DANKOTUWA PORCELAIN PLC,LISTED_COMPANY,DPL,669.0,Capital Goods,Capital Goods,Main Board,active,gemini-code-1777700021467.json
UNLISTED_COMPANY::27793d78c2,Royal Fernwood Porcelain Ltd,ROYAL FERNWOOD PORCELAIN LTD,UNLISTED_COMPANY,,,,,,,
COMPANY::LLUB,CHEVRON LUBRICANTS LANKA PLC,CHEVRON LUBRICANTS LANKA PLC,LISTED_COMPANY,LLUB,668.0,Materials,Materials,Main Board,active,gemini-code-1777700021467.json
UNLISTED_COMPANY::fe111b58a3,Chevron Ceylon Limited,CHEVRON CEYLON LTD,UNLISTED_COMPANY,,,,,,,
COMPANY::TYRE,KELANI TYRES PLC,KELANI TYRES PLC,LISTED_COMPANY,TYRE,673.0,Automobiles & Components,Automobiles & Components,Main Board,active,gemini-code-1777700021467.json
UNLISTED_COMPANY::8b60fb8595,Silverstock Ltd,SILVERSTOCK LTD,UNLISTED_COMPANY,,,,,,,
UNLISTED_COMPANY::60fc859049,CEAT Kelani Holdings (Pvt) Ltd,CEAT KELANI HOLDINGS PVT LTD,UNLISTED_COMPANY,,,,,,,
UNLISTED_COMPANY::039b897825,Venigros (Pvt) Ltd,VENIGROS PVT LTD,UNLISTED_COMPANY,,,,,,,
LISTED_COMPANY::0c020cbbf8,LANKA CEMENT PLC,LANKA CEMENT PLC,LISTED_COMPANY,,,,,,,gemini-code-1777700021467.json
GOVERNMENT::07a24de879,Sri Lanka Cement Corporation,SRI LANKA CEMENT CORPORATION,GOVERNMENT,,,,,,,
UNLISTED_COMPANY::ab665d7f24,Sri Lanka Cement Corporation,SRI LANKA CEMENT CORPORATION,UNLISTED_COMPANY,,,,,,,
COMPANY::BOGA,BOGALA GRAPHITE LANKA PLC,BOGALA GRAPHITE LANKA PLC,LISTED_COMPANY,BOGA,664.0,Materials,Materials,Main Board,active,gemini-code-1777700021467.json
UNLISTED_COMPANY::b6a7c56d9d,Advanced Metallurgical Group (AMG),ADVANCED METALLURGICAL GROUP AMG,UNLISTED_COMPANY,,,,,,,
PERSON::d0d49b5b19,AMG Advanced Metallurgical Group N.V.,AMG ADVANCED METALLURGICAL GROUP N V,PERSON,,,,,,,
UNLISTED_COMPANY::30cf9da98b,Prima Limited (Singapore),PRIMA LTD SINGAPORE,UNLISTED_COMPANY,,,,,,,
UNLISTED_COMPANY::dbe9682a64,Prima Limited,PRIMA LTD,UNLISTED_COMPANY,,,,,,,
COMPANY::PARQ,SWISSTEK (CEYLON) PLC,SWISSTEK CEYLON PLC,LISTED_COMPANY,PARQ,679.0,Capital Goods,Capital Goods,Main Board,active,gemini-code-1777700021467.json
LISTED_COMPANY::458b6307e6,ACME PRINTING & PACKAGING PLC,ACME PRINTING AND PACKAGING PLC,LISTED_COMPANY,,,,,,,gemini-code-1777700021467.json
LISTED_COMPANY::bf60007208,PGP GLASS CEYLON PLC,PGP GLASS CEYLON PLC,LISTED_COMPANY,,,,,,,gemini-code-1777700021467.json
UNLISTED_COMPANY::322bc42cf3,PGP Glass Private Limited,PGP GLASS PVT LTD,UNLISTED_COMPANY,,,,,,,
COMPANY::MULL,MULLER AND PHIPPS (CEYLON) PLC,MULLER AND PHIPPS CEYLON PLC,LISTED_COMPANY,MULL,763.0,Commercial & Professional Services,Commercial & Professional Services,Main Board,active,
COMPANY::PHAR,COLOMBO CITY HOLDINGS PLC,COLOMBO CITY HOLDINGS PLC,LISTED_COMPANY,PHAR,744.0,Real Estate,Real Estate,Main Board,active,gemini-code-1777700400431.json
COMPANY::HUNT,HUNTERS & COMPANY PLC,HUNTERS AND COMPANY PLC,LISTED_COMPANY,HUNT,747.0,Retailing,Retailing,Main Board,active,gemini-code-1777700400431.json
PERSON::f721023843,Mrs. M.C. Pietersz,M C PIETERSZ,PERSON,,,,,,,
COMPANY::OFEQ,OFFICE EQUIPMENT PLC,OFFICE EQUIPMENT PLC,LISTED_COMPANY,OFEQ,769.0,Commercial & Professional Services,Commercial & Professional Services,Main Board,active,gemini-code-1777700400431.json
COMPANY::CPRT,KERNER HAUS GLOBAL SOLUTIONS PLC,KERNER HAUS GLOBAL SOLUTIONS PLC,LISTED_COMPANY,CPRT,730.0,Commercial & Professional Services,Commercial & Professional Services,Main Board,active,
LISTED_COMPANY::d2a81e9203,HAYLEYS FIBRE PLC,HAYLEYS FIBRE PLC,LISTED_COMPANY,,,,,,,gemini-code-1777700400431.json
COMPANY::SFIN,SINGER FINANCE (LANKA) PLC,SINGER FINANCE LANKA PLC,LISTED_COMPANY,SFIN,1041.0,Diversified Financials,Diversified Financials,Main Board,active,
COMPANY::CWM,C. W. MACKIE PLC,C W MACKIE PLC,LISTED_COMPANY,CWM,765.0,Materials,Materials,Main Board,active,gemini-code-1777700400431.json
COMPANY::EMER,EASTERN MERCHANTS PLC,EASTERN MERCHANTS PLC,LISTED_COMPANY,EMER,767.0,Food Beverage & Tobacco,Food Beverage & Tobacco,Main Board,active,gemini-code-1777700400431.json
PERSON::37101d21a3,J.B.L. de Silva,J B L DE SILVA,PERSON,,,,,,,
COMPANY::RHL,RENUKA HOLDINGS PLC,RENUKA HOLDINGS PLC,LISTED_COMPANY,RHL,821.0,Capital Goods,Capital Goods,Main Board,active,gemini-code-1777700400431.json
UNLISTED_COMPANY::82be62e117,Renuka Group Limited,RENUKA GROUP LTD,UNLISTED_COMPANY,,,,,,,
LISTED_COMPANY::0e1322d4aa,BANK OF CEYLON,BANK OF CEYLON,LISTED_COMPANY,,,,,,,gemini-code-1777700400431.json
COMPANY::HPWR,RESUS ENERGY PLC,RESUS ENERGY PLC,LISTED_COMPANY,HPWR,881.0,Utilities,Utilities,Main Board,active,gemini-code-1777700400431.json
COMPANY::PAP,PANASIAN POWER PLC,PANASIAN POWER PLC,LISTED_COMPANY,PAP,1040.0,Utilities,Utilities,Main Board,active,
LISTED_COMPANY::a6af4dc726,NAMAL ACUITY VALUE FUND,NAMAL ACUITY VALUE FUND,LISTED_COMPANY,,,,,,,gemini-code-1777700400431.json
UNLISTED_COMPANY::44326760b9,National Asset Management Ltd,NATIONAL ASSET MANAGEMENT LTD,UNLISTED_COMPANY,,,,,,,
COMPANY::CTBL,CEYLON TEA BROKERS PLC,CEYLON TEA BROKERS PLC,LISTED_COMPANY,CTBL,923.0,Commercial & Professional Services,Commercial & Professional Services,Dirisavi Board,active,gemini-code-1777700400431.json
UNLISTED_COMPANY::8494dbab10,Capital Alliance Holdings,CAPITAL ALLIANCE HOLDINGS,UNLISTED_COMPANY,,,,,,,
COMPANY::VFIN,VALLIBEL FINANCE PLC,VALLIBEL FINANCE PLC,LISTED_COMPANY,VFIN,949.0,Diversified Financials,Diversified Financials,Main Board,active,gemini-code-1777700400431.json
LISTED_COMPANY::4c13502648,SINHAPUTHRA FINANCE PLC,SINHAPUTHRA FINANCE PLC,LISTED_COMPANY,,,,,,,gemini-code-1777700400431.json
LISTED_COMPANY::fbd140ef36,RAIGAM WAYAMBA SALTERNS PLC,RAIGAM WAYAMBA SALTERNS PLC,LISTED_COMPANY,,,,,,,gemini-code-1777700400431.json
UNLISTED_COMPANY::22035dec41,Raigam Marketing Services (Pvt) Ltd,RAIGAM MARKETING SERVICES PVT LTD,UNLISTED_COMPANY,,,,,,,
COMPANY::ODEL,ODEL PLC,ODEL PLC,LISTED_COMPANY,ODEL,960.0,Retailing,Retailing,Main Board,active,gemini-code-1777700400431.json
LISTED_COMPANY::a624391dd9,PC HOUSE PLC,PC HOUSE PLC,LISTED_COMPANY,,,,,,,gemini-code-1777700400431.json
COMPANY::CDB,CITIZENS DEVELOPMENT BUSINESS FINANCE PLC,CITIZENS DEVELOPMENT BUSINESS FINANCE PLC,LISTED_COMPANY,CDB,981.0,Diversified Financials,Diversified Financials,Main Board,active,gemini-code-1777700400431.json
LISTED_COMPANY::c7c31c2708,URBAN DEVELOPMENT AUTHORITY,URBAN DEVELOPMENT AUTHORITY,LISTED_COMPANY,,,,,,,gemini-code-1777700400431.json
COMPANY::NHL,NAWALOKA HOSPITALS PLC,NAWALOKA HOSPITALS PLC,LISTED_COMPANY,NHL,980.0,Health Care Equipment & Services,Health Care Equipment & Services,Main Board,active,gemini-code-1777700400431.json
PERSON::b994308952,Jayantha Dharmadasa / Nawaloka Group,JAYANTHA DHARMADASA NAWALOKA GROUP,PERSON,,,,,,,
COMPANY::HPFL,LOTUS HYDRO POWER PLC,LOTUS HYDRO POWER PLC,LISTED_COMPANY,HPFL,1000.0,Utilities,Utilities,Dirisavi Board,active,gemini-code-1777700400431.json
UNLISTED_COMPANY::23c4b60b64,Lotus Renewable Energy Group,LOTUS RENEWABLE ENERGY GROUP,UNLISTED_COMPANY,,,,,,,
PERSON::a91293f2e0,Lotus Renewable Energy Group,LOTUS RENEWABLE ENERGY GROUP,PERSON,,,,,,,
COMPANY::LGL,LAUGFS GAS PLC,LAUGFS GAS PLC,LISTED_COMPANY,LGL,1020.0,Energy,Energy,Main Board,active,gemini-code-1777700400431.json
UNLISTED_COMPANY::26e44a4ad0,Laugfs Holdings Limited,LAUGFS HOLDINGS LTD,UNLISTED_COMPANY,,,,,,,
LISTED_COMPANY::1195e123ac,BROWNS CAPITAL PLC,BROWNS CAPITAL PLC,LISTED_COMPANY,,,,,,,gemini-code-1777700400431.json
COMPANY::HVA,HVA FOODS PLC,HVA FOODS PLC,LISTED_COMPANY,HVA,1046.0,Food Beverage & Tobacco,Food Beverage & Tobacco,Dirisavi Board,active,gemini-code-1777700400431.json
UNLISTED_COMPANY::76a62630ee,George Steuart Teas (Pvt) Ltd,GEORGE STEUART TEAS PVT LTD,UNLISTED_COMPANY,,,,,,,
LISTED_COMPANY::cb8c42f739,HATTON PLANTATIONS PLC,HATTON PLANTATIONS PLC,LISTED_COMPANY,,,,,,,gemini-code-1777700400431.json
UNLISTED_COMPANY::8693068214,Lotus Renewable Energy (Pvt) Ltd,LOTUS RENEWABLE ENERGY PVT LTD,UNLISTED_COMPANY,,,,,,,
COMPANY::UBC,UNION BANK OF COLOMBO PLC,UNION BANK OF COLOMBO PLC,LISTED_COMPANY,UBC,1047.0,Banks,Banks,Main Board,active,gemini-code-1777700400431.json
UNLISTED_COMPANY::e7064db653,CG Capital Partners Global Pte Ltd,CG CAPITAL PARTNERS GLOBAL PTE LTD,UNLISTED_COMPANY,,,,,,,
COMPANY::UBF,UB FINANCE PLC,UB FINANCE PLC,LISTED_COMPANY,UBF,2998.0,Diversified Financials,Diversified Financials,Dirisavi Board,active,
UNLISTED_COMPANY::00f63e744e,Nilaveli Beach Hotels (Pvt) Ltd,NILAVELI BEACH HOTELS PVT LTD,UNLISTED_COMPANY,,,,,,,
LISTED_COMPANY::5e8e5b2cec,SWARNAMAHAL FINANCIAL SERVICES PLC,SWARNAMAHAL FINANCIAL SERVICES PLC,LISTED_COMPANY,,,,,,,gemini-code-1777700400431.json
LISTED_COMPANY::1d66b440ea,CHILAW FINANCE PLC,CHILAW FINANCE PLC,LISTED_COMPANY,,,,,,,gemini-code-1777700400431.json
LISTED_COMPANY::16cd89185d,BIMPUTH LANKA INVESTMENTS PLC,BIMPUTH LANKA INVESTMENTS PLC,LISTED_COMPANY,,,,,,,gemini-code-1777700400431.json
UNLISTED_COMPANY::8a6de7a800,Daya Group (Pvt) Ltd,DAYA GROUP PVT LTD,UNLISTED_COMPANY,,,,,,,
COMPANY::MFL,MULTI FINANCE PLC,MULTI FINANCE PLC,LISTED_COMPANY,MFL,1062.0,Diversified Financials,Diversified Financials,Dirisavi Board,active,gemini-code-1777700400431.json
LISTED_COMPANY::9dca0dba64,AMW CAPITAL LEASING AND FINANCE PLC,AMW CAPITAL LEASING AND FINANCE PLC,LISTED_COMPANY,,,,,,,gemini-code-1777700400431.json
UNLISTED_COMPANY::d82890f086,Associated Motorways (Pvt) Ltd,ASSOCIATED MOTORWAYS PVT LTD,UNLISTED_COMPANY,,,,,,,
LISTED_COMPANY::5a61884215,EXPOLANKA HOLDINGS PLC,EXPOLANKA HOLDINGS PLC,LISTED_COMPANY,,,,,,,gemini-code-1777700400431.json
UNLISTED_COMPANY::0090ed7c98,SG Holdings Global Pte Ltd,SG HOLDINGS GLOBAL PTE LTD,UNLISTED_COMPANY,,,,,,,
PERSON::70428674b2,EFL Global,EFL GLOBAL,PERSON,,,,,,,
PERSON::c8a0ea6278,N.W.D.U.M. Priyantha,N W D U M PRIYANTHA,PERSON,,,,,,,
UNLISTED_COMPANY::aad8f0ff59,BG Investments (Pvt) Ltd,BG INVESTMENTS PVT LTD,UNLISTED_COMPANY,,,,,,,
UNLISTED_COMPANY::a7144cbfff,Group Lease Holdings Pte Ltd,GROUP LEASE HOLDINGS PTE LTD,UNLISTED_COMPANY,,,,,,,
LISTED_COMPANY::e2d2d73fcd,ORIENT GARMENTS PLC,ORIENT GARMENTS PLC,LISTED_COMPANY,,,,,,,gemini-code-1777700400431.json
